1;1;LM;DA;3t;18
1;1;OD;HI;3t;11
1;1;BB;EN;3x;1
1;2;UF;SP;SP;18
1;2;SR;BT;3w;20
1;3;HD;MA;3w;14
1;4;TT;re;3t;0
2;1;OD;ol;3y;6
2;1;MD;Fy;3x;20
2;2;TT;re;3w;3
2;3;OA;Fy;3w;14
2;3;BB;EN;3x;1
2;3;TT;re;3t;15
2;4;OD;HI;3y;3
3;1;AP;HI;3w;19
3;1;OD;ol;3y;9
3;1;MT;KI;KI;7
3;2;LM;DA;3t;15
3;2;AD;FR;FR;10
3;2;UF;SP;SP;0
3;2;OD;ol;3y;18
3;2;BB;EN;3x;1
3;3;LM;EN;3y;9
3;3;BE;DA;3x;20
3;3;BB;EN;3x;15
3;3;AP;HI;3w;19
3;4;OD;ol;3y;20
3;4;LM;EN;3y;13
4;2;PL;DA;3y;3
4;3;UF;SP;SP;9
4;3;MD;Fy;3x;12
4;3;PW;DA;3w;18
4;4;OA;Fy;3w;13
4;4;BB;EN;3x;12
5;1;OA;Fy;3w;2
5;1;TQ;SA;3x;12
5;1;ID;Bi;3y;2
5;1;BE;DA;3x;18
5;1;OA;fy;3t;16
5;2;AP;HI;3w;4
5;2;AD;FR;FR;0
5;2;TQ;SA;3x;2
5;3;MT;KI;KI;15
5;3;KD;HI;3x;20
6;1;TT;re;3t;14
6;1;OD;ol;3y;20
6;1;UF;SP;SP;18
6;3;MD;Fy;3x;4
6;4;LM;DA;3t;9
6;4;TQ;SA;3x;6
7;1;LM;EN;3y;21
7;1;OD;ol;3y;2
7;1;SR;BT;3w;13
7;2;TQ;SA;3x;1
7;2;OA;Fy;3w;6
7;3;HD;MA;3w;1
7;3;TQ;SA;3x;2
7;4;OD;ol;3y;11
7;4;TT;id;id3;9
7;4;BB;EN;3x;8
8;1;LM;DA;3t;4
8;2;PL;DA;3y;4
8;3;UF;SP;SP;17
8;3;BB;EN;3x;11
8;3;ID;Bi;3y;17
8;4;OA;fy;3t;14
8;4;ID;Bi;3y;9
8;4;SR;id;id1;9
9;1;PL;DA;3y;2
9;1;SR;BT;3w;8
9;1;LM;DA;3t;9
9;1;LM;EN;3y;15
9;2;PL;DA;3y;3
9;2;LM;DA;3t;5
9;3;AD;FR;FR;6
9;3;OA;Fy;3w;21
9;3;TT;id;id3;13
9;3;LM;EN;3y;2
9;3;KD;HI;3x;5
9;4;TT;re;3w;4
9;4;LM;EN;3y;12
10;1;PL;DA;3y;16
10;1;OD;ol;3y;14
10;2;MT;KI;KI;18
10;2;HD;MA;3w;19
10;3;OA;fy;3t;9
10;4;SR;BT;3w;5
10;4;PW;DA;3w;14
10;4;UF;SP;SP;15
11;1;OA;fy;3t;14
11;1;LM;EN;3y;16
11;2;OD;ol;3x;3
11;3;LM;EN;3y;2
11;3;TQ;SA;3x;14
11;4;OD;ol;3y;1
11;4;AD;FR;FR;16
11;4;TT;re;3t;20
12;1;MD;Fy;3x;5
12;1;KD;HI;3x;4
12;1;OA;fy;3t;13
12;1;OA;fy;3t;16
12;1;AD;FR;FR;0
12;3;PW;EN;3t;4
12;3;LM;DA;3t;0
12;3;AD;FR;FR;12
12;3;OD;ol;3x;20
12;4;OD;HI;3t;13
12;4;PW;EN;3t;10
12;4;OD;ol;3y;1
13;1;MD;Fy;3x;7
13;1;HD;MA;3w;11
13;1;TQ;SA;3x;3
13;2;OA;Fy;3w;3
13;2;PW;EN;3t;16
13;3;OA;fy;3t;9
13;3;TQ;SA;3x;9
13;3;LM;EN;3y;2
13;3;SR;id;id2;7
13;3;PW;EN;3t;11
13;4;TQ;SA;3x;20
13;4;OD;HI;3y;8
13;4;LM;EN;3y;18
14;2;OD;HI;3y;12
14;2;LM;EN;3y;8
14;2;BB;EN;3x;4
14;2;KD;HI;3x;19
14;2;OD;ol;3x;13
14;2;MD;Fy;3x;5
14;3;HD;MA;3w;4
14;3;AD;FR;FR;6
14;3;PL;DA;3y;21
14;4;TT;re;3t;8
14;4;PW;EN;3t;18
15;1;BB;EN;3x;7
15;1;TT;re;3t;21
15;1;AD;FR;FR;6
15;1;SR;BT;3w;12
15;1;OD;ol;3x;2
15;1;LM;EN;3y;9
15;2;PW;DA;3w;11
15;2;LM;EN;3y;7
15;2;PW;EN;3t;0
15;4;OD;HI;3y;2
15;4;OD;HI;3y;15
15;4;LM;DA;3t;6
16;1;UF;SP;SP;21
16;1;OA;Fy;3w;5
16;2;TQ;SA;3x;13
16;3;SR;id;id1;21
16;4;AD;FR;FR;8
16;4;BE;DA;3x;7
17;1;OD;HI;3y;21
17;1;SR;id;id2;17
17;2;MD;Fy;3x;17
17;3;OD;HI;3y;1
17;4;PL;DA;3y;10
17;4;PW;EN;3t;19
17;4;UF;SP;SP;4
17;4;UF;SP;SP;4
17;4;UF;SP;SP;17
18;1;OD;HI;3t;15
18;1;UF;SP;SP;5
18;2;AD;FR;FR;19
18;2;TQ;SA;3x;8
18;2;LM;EN;3y;18
18;3;SR;id;id2;8
18;3;UF;SP;SP;12
18;4;HD;MA;3w;6
19;1;MT;KI;KI;8
19;2;OD;HI;3t;3
19;3;TQ;SA;3x;1
19;4;KD;HI;3x;15
19;4;OD;HI;3t;21
19;4;TT;re;3t;1
20;1;PW;DA;3w;7
20;2;PL;DA;3y;14
20;2;UF;SP;SP;15
20;2;LM;DA;3t;5
20;3;OD;HI;3t;0
20;4;UF;SP;SP;13
20;4;ID;Bi;3y;9
20;4;PL;DA;3y;12
21;1;TT;re;3t;7
21;2;TQ;SA;3x;4
21;2;LM;DA;3t;12
21;3;ID;Bi;3y;19
21;3;SR;id;id1;13
21;3;HD;MA;3w;15
21;3;RG;id;id4;21
21;3;OA;Fy;3w;3
21;4;KD;HI;3x;20
21;4;BE;DA;3x;12
21;4;TQ;SA;3x;11
22;1;OA;fy;3t;5
22;1;OA;fy;3t;2
22;1;OD;HI;3y;21
22;2;TQ;SA;3x;20
22;2;TT;re;3w;13
22;2;PW;DA;3w;19
22;3;MT;KI;KI;17
22;3;OA;fy;3t;0
22;3;PW;EN;3t;6
22;3;AP;HI;3w;18
22;4;SR;id;id2;14
22;4;BB;EN;3x;9
22;4;SR;BT;3w;8
23;1;SR;BT;3w;8
23;1;UF;SP;SP;1
23;1;MT;KI;KI;17
23;1;HD;MA;3w;7
23;1;OA;Fy;3w;16
23;1;AD;FR;FR;13
23;2;SR;BT;3w;12
23;2;OD;HI;3t;9
23;2;LM;DA;3t;19
23;3;PW;EN;3t;13
23;3;LM;EN;3y;11
23;3;BB;EN;3x;19
23;4;SR;BT;3w;3
23;4;TT;re;3w;4
23;4;AP;HI;3w;6
23;4;PW;EN;3t;14
24;1;OA;Fy;3w;14
24;1;AP;HI;3w;20
24;2;KD;HI;3x;9
24;2;PL;DA;3y;18
24;3;TT;re;3t;0
24;3;MT;KI;KI;15
24;3;ID;Bi;3y;4
24;4;BE;DA;3x;20
25;1;MT;KI;KI;10
25;1;MT;KI;KI;2
25;1;TQ;SA;3x;9
25;2;LM;EN;3y;1
25;3;LM;DA;3t;13
25;3;MT;KI;KI;11
25;3;OA;fy;3t;17
25;4;BE;DA;3x;10
25;4;HD;MA;3w;7
25;4;UF;SP;SP;18
26;1;PL;DA;3y;15
26;1;OD;HI;3y;2
26;2;MT;KI;KI;16
26;3;AD;FR;FR;19
26;3;HD;MA;3w;21
26;4;AP;HI;3w;16
26;4;PL;DA;3y;19
26;4;LM;EN;3y;21
26;4;ID;Bi;3y;14
27;1;MD;Fy;3x;9
27;1;OA;fy;3t;1
27;2;OD;HI;3y;13
27;2;PW;EN;3t;3
27;3;UF;SP;SP;7
27;4;PW;DA;3w;14
28;1;PL;DA;3y;9
28;1;OD;HI;3t;16
28;1;MT;KI;KI;11
28;1;RG;id;id4;10
28;2;TT;re;3w;8
28;2;HD;MA;3w;21
28;3;ID;Bi;3y;17
28;4;MT;KI;KI;20
29;1;SR;BT;3w;3
29;2;MT;KI;KI;16
29;2;HD;MA;3w;14
29;2;TQ;SA;3x;4
29;3;PW;DA;3w;18
29;3;HD;MA;3w;5
29;3;OD;ol;3x;14
29;4;PW;DA;3w;3
29;4;PW;EN;3t;15
30;1;TQ;SA;3x;9
30;1;PW;DA;3w;7
30;1;HD;MA;3w;13
30;1;TT;id;id3;3
30;1;UF;SP;SP;18
30;2;TT;re;3w;5
31;1;SR;BT;3w;12
31;1;TT;re;3t;16
31;1;LM;EN;3y;10
31;2;OD;HI;3t;19
31;3;HD;MA;3w;12
32;2;TQ;SA;3x;4
32;2;OA;fy;3t;6
32;2;SR;BT;3w;13
32;3;UF;SP;SP;9
32;3;TT;re;3w;0
32;4;BE;DA;3x;16
32;4;SR;BT;3w;15
33;1;OD;ol;3x;11
33;1;MT;KI;KI;8
33;2;UF;SP;SP;7
33;4;LM;EN;3y;19
34;1;AD;FR;FR;19
34;1;SR;BT;3w;15
34;1;OD;ol;3y;15
34;2;PW;EN;3t;5
34;2;LM;DA;3t;3
34;3;TT;id;id3;11
35;1;KD;HI;3x;17
35;1;SR;BT;3w;9
35;1;MT;KI;KI;18
35;1;TT;re;3t;18
35;1;UF;SP;SP;17
35;1;PW;DA;3w;8
35;1;OD;ol;3x;15
36;1;BE;DA;3x;3
36;2;HD;MA;3w;13
36;2;PW;EN;3t;7
36;2;SR;id;id2;6
36;2;PW;DA;3w;16
36;3;PW;EN;3t;5
36;3;TT;id;id3;6
36;3;PW;EN;3t;6
36;4;BE;DA;3x;12
37;1;TQ;SA;3x;17
37;1;PW;DA;3w;19
37;2;PW;EN;3t;9
37;3;KD;HI;3x;9
37;3;OD;ol;3y;14
38;2;OD;HI;3t;1
38;3;UF;SP;SP;20
38;3;BB;EN;3x;0
38;3;LM;DA;3t;19
38;4;TT;id;id3;13
38;4;OD;HI;3t;8
38;4;OD;ol;3x;5
39;1;HD;MA;3w;2
39;1;TT;re;3t;20
39;2;UF;SP;SP;9
39;2;OD;HI;3t;1
39;2;TT;re;3w;14
39;2;BB;EN;3x;18
39;4;MT;KI;KI;18
39;4;KD;HI;3x;14
40;1;TQ;SA;3x;12
40;3;TT;id;id3;12
40;3;HD;MA;3w;4
40;3;LM;EN;3y;21
40;4;AD;FR;FR;21
40;4;MT;KI;KI;19
40;4;SR;BT;3w;1
41;1;OA;fy;3t;9
41;1;RG;id;id4;12
41;2;OA;Fy;3w;3
41;3;BB;EN;3x;15
41;4;OD;HI;3y;4
41;4;PL;DA;3y;8
41;4;OA;fy;3t;7
42;1;SR;BT;3w;10
42;1;RG;id;id4;21
42;1;UF;SP;SP;4
42;1;HD;MA;3w;7
42;2;BB;EN;3x;15
42;2;BB;EN;3x;18
42;3;LM;EN;3y;16
42;3;RG;id;id4;17
42;3;LM;EN;3y;14
42;4;OD;HI;3t;20
42;4;SR;BT;3w;9
42;4;OD;HI;3y;1
43;1;TT;id;id3;9
43;1;TT;id;id3;9
43;1;OD;HI;3y;14
43;1;ID;Bi;3y;7
43;1;LM;EN;3y;10
43;2;PL;DA;3y;20
43;3;AP;HI;3w;13
43;3;OA;Fy;3w;6
43;4;PW;DA;3w;7
43;4;MT;KI;KI;6
44;1;UF;SP;SP;8
44;1;MT;KI;KI;5
44;3;AD;FR;FR;17
44;3;OD;HI;3y;13
44;4;AD;FR;FR;17
44;4;OA;Fy;3w;14
44;4;TQ;SA;3x;5
44;4;BB;EN;3x;5
44;4;OD;HI;3y;17
44;4;PW;EN;3t;8
44;4;MT;KI;KI;18
45;1;OA;Fy;3w;3
45;1;MT;KI;KI;18
45;1;AD;FR;FR;0
45;1;PW;EN;3t;0
45;2;LM;EN;3y;2
45;3;AD;FR;FR;14
45;3;AP;HI;3w;16
45;3;LM;DA;3t;20
46;1;UF;SP;SP;14
46;1;TT;re;3w;21
46;2;MD;Fy;3x;10
46;3;OA;fy;3t;20
46;3;TT;id;id3;21
46;4;SR;id;id1;21
47;1;TT;id;id3;4
47;1;HD;MA;3w;13
47;1;KD;HI;3x;1
47;2;OD;HI;3t;4
47;2;PL;DA;3y;7
47;2;HD;MA;3w;2
47;3;MD;Fy;3x;1
47;4;BE;DA;3x;20
47;4;PL;DA;3y;7
47;4;BB;EN;3x;15
48;1;AD;FR;FR;15
48;2;ID;Bi;3y;5
48;2;PL;DA;3y;3
48;3;OD;ol;3y;19
48;3;SR;BT;3w;9
48;3;BB;EN;3x;16
48;3;SR;id;id1;19
48;4;PW;DA;3w;12
48;4;TQ;SA;3x;8
48;4;SR;BT;3w;21
49;1;TT;re;3t;4
49;1;LM;DA;3t;7
49;2;AP;HI;3w;14
49;2;TQ;SA;3x;11
49;2;BB;EN;3x;0
49;4;MD;Fy;3x;10
50;1;HD;MA;3w;18
50;1;AP;HI;3w;14
50;2;AP;HI;3w;6
50;2;AD;FR;FR;19
50;4;OD;HI;3t;12
51;1;HD;MA;3w;0
51;1;TT;re;3w;3
51;1;KD;HI;3x;15
51;1;OD;HI;3y;0
51;2;SR;BT;3w;3
51;2;LM;EN;3y;10
51;2;LM;EN;3y;4
51;2;AD;FR;FR;11
51;3;BB;EN;3x;10
51;4;LM;EN;3y;14
51;4;OD;ol;3y;15
51;4;PW;EN;3t;8
52;1;SR;id;id2;6
52;2;BB;EN;3x;13
52;2;LM;DA;3t;13
52;3;OD;HI;3t;12
52;3;MT;KI;KI;12
52;3;SR;id;id2;14
52;4;LM;EN;3y;21
52;4;SR;BT;3w;1
53;1;MD;Fy;3x;20
53;2;AD;FR;FR;12
53;2;OA;fy;3t;5
53;2;MT;KI;KI;3
53;3;BB;EN;3x;5
53;3;HD;MA;3w;0
53;3;LM;DA;3t;7
53;4;BE;DA;3x;17
53;4;TQ;SA;3x;6
54;2;TT;re;3t;15
54;2;HD;MA;3w;5
54;3;OA;Fy;3w;17
54;3;LM;DA;3t;0
54;4;OD;HI;3y;9
55;1;OD;HI;3t;18
55;1;UF;SP;SP;18
55;1;MD;Fy;3x;17
55;1;AD;FR;FR;20
55;2;LM;EN;3y;15
55;3;MD;Fy;3x;8
55;3;TT;id;id3;21
55;4;BB;EN;3x;21
55;4;AD;FR;FR;5
55;4;TT;re;3t;4
55;4;PW;EN;3t;10
56;1;HD;MA;3w;19
56;1;OD;HI;3y;11
56;2;LM;EN;3y;21
56;2;TT;re;3w;2
56;2;RG;id;id4;15
56;2;BB;EN;3x;15
56;2;AP;HI;3w;17
56;3;OD;HI;3t;13
56;3;BB;EN;3x;10
56;3;BB;EN;3x;13
56;4;PW;EN;3t;1
57;1;OD;HI;3y;12
57;2;LM;DA;3t;3
57;4;TT;id;id3;1
57;4;SR;BT;3w;4
57;4;SR;BT;3w;17
57;4;OA;Fy;3w;7
58;1;UF;SP;SP;20
58;1;PW;EN;3t;19
58;2;OA;fy;3t;13
58;3;SR;BT;3w;12
58;3;PW;DA;3w;13
58;3;MD;Fy;3x;3
58;3;TT;re;3w;11
58;4;AP;HI;3w;5
59;1;MT;KI;KI;0
59;4;TQ;SA;3x;11
60;2;AP;HI;3w;20
60;2;OA;Fy;3w;3
60;3;MD;Fy;3x;7
60;3;UF;SP;SP;10
60;4;PW;EN;3t;14
60;4;LM;DA;3t;17
60;4;SR;id;id2;8
60;4;TT;re;3w;13
60;4;OA;Fy;3w;21
61;1;TQ;SA;3x;16
61;4;MD;Fy;3x;5
61;4;LM;DA;3t;5
61;4;AP;HI;3w;2
62;1;UF;SP;SP;13
62;2;PW;EN;3t;16
62;2;UF;SP;SP;8
62;3;SR;id;id1;18
62;3;OD;ol;3y;21
62;3;OD;ol;3y;20
62;4;BE;DA;3x;6
63;1;OD;HI;3t;15
64;1;BE;DA;3x;14
64;1;LM;DA;3t;6
64;2;LM;EN;3y;20
64;4;ID;Bi;3y;21
64;4;LM;EN;3y;6
64;4;SR;id;id1;16
64;4;AP;HI;3w;11
64;4;RG;id;id4;19
65;1;SR;id;id2;14
65;1;SR;BT;3w;2
65;1;PW;EN;3t;13
65;2;SR;BT;3w;19
65;2;KD;HI;3x;3
65;2;PW;EN;3t;13
65;3;TQ;SA;3x;14
65;3;SR;id;id2;11
65;3;SR;BT;3w;5
65;4;MT;KI;KI;0
65;4;OD;ol;3y;10
65;4;MD;Fy;3x;12
65;4;SR;id;id1;0
65;4;OD;ol;3y;3
66;1;AD;FR;FR;12
66;2;OD;ol;3y;13
66;2;TT;re;3t;9
66;3;OD;HI;3y;14
66;3;BB;EN;3x;14
66;3;KD;HI;3x;20
66;4;HD;MA;3w;0
66;4;PW;DA;3w;8
66;4;TT;re;3t;6
66;4;BB;EN;3x;13
66;4;MD;Fy;3x;9
67;1;LM;DA;3t;5
67;1;TT;re;3w;3
67;2;PL;DA;3y;10
67;2;OD;ol;3x;18
67;2;SR;BT;3w;6
67;3;SR;id;id2;13
67;3;LM;EN;3y;3
67;4;KD;HI;3x;5
67;4;OD;ol;3y;7
67;4;HD;MA;3w;6
68;1;MD;Fy;3x;2
68;1;KD;HI;3x;5
68;2;TT;re;3t;13
68;3;BE;DA;3x;14
68;3;TQ;SA;3x;10
68;3;SR;BT;3w;8
68;4;AP;HI;3w;5
68;4;MT;KI;KI;11
69;1;MD;Fy;3x;8
69;2;MD;Fy;3x;0
69;2;AP;HI;3w;10
69;2;AP;HI;3w;16
69;4;AD;FR;FR;11
69;4;BE;DA;3x;7
70;1;BE;DA;3x;13
70;2;BB;EN;3x;7
70;2;KD;HI;3x;10
70;3;OA;Fy;3w;18
70;4;BE;DA;3x;8
71;1;PW;EN;3t;20
71;1;BE;DA;3x;13
71;1;KD;HI;3x;13
71;2;LM;EN;3y;4
71;2;SR;id;id2;7
71;3;SR;BT;3w;20
71;3;PL;DA;3y;5
71;4;BB;EN;3x;1
72;1;LM;EN;3y;12
72;2;BE;DA;3x;10
72;2;UF;SP;SP;3
72;3;MT;KI;KI;21
72;3;HD;MA;3w;11
72;3;AD;FR;FR;0
72;3;BE;DA;3x;15
72;4;LM;EN;3y;17
72;4;PW;EN;3t;12
72;4;PW;DA;3w;7
73;1;PL;DA;3y;20
73;4;AD;FR;FR;15
73;4;AD;FR;FR;2
74;1;TQ;SA;3x;11
74;1;SR;BT;3w;2
74;2;PL;DA;3y;4
74;3;HD;MA;3w;7
75;1;BB;EN;3x;7
75;1;LM;DA;3t;8
75;3;SR;BT;3w;13
75;3;SR;BT;3w;3
75;3;MT;KI;KI;17
75;4;PW;DA;3w;19
75;4;OD;ol;3x;13
76;2;RG;id;id4;11
76;2;PW;DA;3w;21
76;2;BB;EN;3x;3
76;4;MT;KI;KI;16
76;4;BB;EN;3x;11
77;1;SR;BT;3w;2
77;1;PW;EN;3t;9
77;2;AD;FR;FR;19
77;2;TT;id;id3;5
77;2;TT;re;3t;10
77;2;AD;FR;FR;2
77;2;HD;MA;3w;8
77;3;OD;ol;3x;18
77;3;HD;MA;3w;12
78;1;PW;EN;3t;3
78;2;AD;FR;FR;3
78;3;TT;re;3w;9
78;3;UF;SP;SP;15
78;3;PW;DA;3w;14
78;4;PW;DA;3w;9
78;4;UF;SP;SP;3
78;4;OD;ol;3x;16
79;1;OD;ol;3x;17
79;2;OA;Fy;3w;1
79;3;AP;HI;3w;20
79;4;BB;EN;3x;15
79;4;LM;DA;3t;9
79;4;BB;EN;3x;0
80;1;AD;FR;FR;19
80;2;SR;BT;3w;20
80;3;HD;MA;3w;19
80;4;OA;fy;3t;15
81;1;AP;HI;3w;15
81;2;OA;Fy;3w;17
81;2;TT;re;3w;17
81;2;LM;EN;3y;21
81;2;PL;DA;3y;19
81;3;TQ;SA;3x;13
81;3;OD;ol;3x;6
81;3;OD;HI;3y;14
81;3;PL;DA;3y;4
81;3;TT;re;3t;6
81;4;HD;MA;3w;4
82;1;AD;FR;FR;9
82;1;BE;DA;3x;17
82;1;SR;BT;3w;18
82;1;TT;id;id3;3
82;2;OD;ol;3x;10
82;3;OD;ol;3x;10
82;3;TQ;SA;3x;3
82;4;ID;Bi;3y;13
82;4;TQ;SA;3x;6
83;1;MT;KI;KI;5
83;1;PW;EN;3t;4
83;2;TQ;SA;3x;20
83;2;LM;EN;3y;11
83;3;MT;KI;KI;5
83;4;AD;FR;FR;15
83;4;BE;DA;3x;18
83;4;OD;HI;3t;4
84;2;AP;HI;3w;4
84;2;OA;Fy;3w;0
84;3;TQ;SA;3x;8
84;4;BE;DA;3x;21
84;4;OA;fy;3t;19
85;1;BE;DA;3x;1
85;1;LM;EN;3y;4
85;2;SR;id;id1;12
85;2;SR;id;id2;10
85;2;OA;Fy;3w;17
85;2;TQ;SA;3x;7
85;2;SR;BT;3w;11
85;2;LM;DA;3t;11
85;2;UF;SP;SP;20
85;2;ID;Bi;3y;5
85;3;PL;DA;3y;12
85;3;HD;MA;3w;14
85;3;TQ;SA;3x;19
85;4;HD;MA;3w;8
85;4;OD;HI;3y;19
85;4;LM;EN;3y;17
86;1;PL;DA;3y;15
86;1;UF;SP;SP;10
86;1;SR;BT;3w;12
86;1;LM;EN;3y;4
86;1;MT;KI;KI;15
86;2;OA;Fy;3w;0
86;3;OA;fy;3t;14
86;3;AP;HI;3w;5
86;4;PW;DA;3w;13
87;1;PW;DA;3w;7
87;1;SR;id;id1;6
87;2;AP;HI;3w;17
87;2;LM;EN;3y;4
87;3;AP;HI;3w;2
87;3;MT;KI;KI;7
88;1;TT;re;3t;16
88;1;PL;DA;3y;13
88;2;OD;ol;3x;6
88;2;OD;HI;3y;18
88;2;OA;Fy;3w;5
88;3;ID;Bi;3y;8
88;3;BB;EN;3x;10
89;1;OA;Fy;3w;11
89;1;OA;fy;3t;19
89;1;UF;SP;SP;20
89;3;OD;HI;3t;8
89;3;PW;DA;3w;16
89;3;LM;EN;3y;1
89;3;KD;HI;3x;6
89;4;TQ;SA;3x;15
89;4;BB;EN;3x;12
90;1;PW;EN;3t;6
90;1;SR;id;id1;21
90;1;BB;EN;3x;2
90;1;RG;id;id4;12
90;2;SR;id;id1;4
90;2;TT;re;3t;7
90;3;PW;EN;3t;6
90;4;SR;BT;3w;2
91;1;OD;ol;3x;19
91;1;OD;ol;3x;21
91;1;PL;DA;3y;20
91;1;BB;EN;3x;3
91;2;OD;ol;3y;21
91;2;TT;re;3t;10
91;3;BB;EN;3x;17
91;3;BE;DA;3x;8
91;3;TT;re;3w;18
91;3;SR;id;id2;8
91;3;MD;Fy;3x;21
91;4;LM;DA;3t;3
91;4;OD;ol;3y;4
92;1;OD;HI;3t;6
92;1;LM;DA;3t;14
92;2;AD;FR;FR;15
92;2;HD;MA;3w;14
92;3;RG;id;id4;12
92;3;AD;FR;FR;1
92;3;TT;id;id3;4
92;3;OA;fy;3t;2
92;3;UF;SP;SP;6
92;4;OA;fy;3t;1
92;4;PL;DA;3y;8
92;4;TQ;SA;3x;20
93;1;HD;MA;3w;8
93;2;KD;HI;3x;14
93;3;AD;FR;FR;20
93;3;BE;DA;3x;18
93;3;LM;DA;3t;10
93;3;SR;id;id1;7
93;4;PW;DA;3w;7
93;4;BB;EN;3x;1
94;1;BB;EN;3x;10
94;1;BE;DA;3x;7
94;2;LM;DA;3t;15
94;2;SR;BT;3w;13
94;3;TT;re;3w;9
94;3;AD;FR;FR;9
94;3;LM;EN;3y;12
95;1;BE;DA;3x;8
95;1;KD;HI;3x;19
95;1;LM;EN;3y;1
95;1;PW;DA;3w;5
95;1;OD;HI;3t;2
95;2;HD;MA;3w;16
95;2;BE;DA;3x;10
95;2;SR;BT;3w;12
95;3;AD;FR;FR;15
95;3;OD;ol;3x;11
95;4;TQ;SA;3x;12
95;4;AD;FR;FR;20
95;4;OD;HI;3y;7
96;1;AP;HI;3w;11
96;2;TQ;SA;3x;6
96;3;LM;DA;3t;7
96;4;PL;DA;3y;3
96;4;HD;MA;3w;5
97;1;PL;DA;3y;18
97;1;KD;HI;3x;9
97;1;PW;DA;3w;11
97;1;PW;EN;3t;5
97;3;SR;id;id2;19
97;3;MT;KI;KI;2
97;3;LM;DA;3t;0
97;3;AP;HI;3w;12
97;4;OA;Fy;3w;12
97;4;SR;id;id2;2
97;4;RG;id;id4;17
98;1;BE;DA;3x;12
98;2;KD;HI;3x;2
98;2;UF;SP;SP;9
98;2;KD;HI;3x;17
98;3;OA;Fy;3w;13
98;4;OD;HI;3y;13
98;4;LM;EN;3y;4
98;4;OD;ol;3x;16
99;2;OD;ol;3y;6
99;2;MD;Fy;3x;3
99;3;LM;EN;3y;2
99;4;OD;HI;3y;2
100;1;MT;KI;KI;15
100;2;SR;BT;3w;21
100;2;AP;HI;3w;10
100;3;MD;Fy;3x;0
100;3;SR;id;id1;19
100;3;BB;EN;3x;16
100;4;SR;BT;3w;21
101;1;MT;KI;KI;9
101;1;SR;id;id2;16
101;2;RG;id;id4;1
101;2;TT;re;3t;19
101;3;KD;HI;3x;1
101;3;PW;DA;3w;9
101;3;PW;EN;3t;0
101;3;ID;Bi;3y;10
101;4;TT;re;3w;4
101;4;BB;EN;3x;17
101;4;BB;EN;3x;6
102;1;OD;ol;3x;15
102;1;AD;FR;FR;15
102;1;BB;EN;3x;15
102;1;AP;HI;3w;2
102;1;SR;id;id2;21
102;2;TT;re;3t;7
102;2;MT;KI;KI;19
102;3;SR;id;id2;3
102;3;OA;Fy;3w;11
102;4;TQ;SA;3x;20
102;4;SR;id;id2;5
102;4;PW;EN;3t;3
102;4;OA;fy;3t;4
103;1;MT;KI;KI;21
103;1;OD;ol;3x;8
103;2;PL;DA;3y;18
103;3;UF;SP;SP;15
104;1;AD;FR;FR;21
104;1;TQ;SA;3x;2
104;1;LM;DA;3t;4
104;1;HD;MA;3w;6
104;2;LM;DA;3t;5
104;3;BB;EN;3x;8
104;3;HD;MA;3w;20
104;3;TT;re;3w;17
104;4;LM;EN;3y;19
104;4;BE;DA;3x;3
104;4;OD;HI;3y;0
105;1;PW;EN;3t;12
105;1;TQ;SA;3x;5
105;2;KD;HI;3x;21
105;2;OD;HI;3y;2
105;3;PW;DA;3w;2
105;4;OD;ol;3x;8
105;4;UF;SP;SP;18
105;4;LM;EN;3y;0
105;4;TQ;SA;3x;15
106;1;LM;EN;3y;18
106;2;OD;HI;3t;13
106;3;SR;id;id1;2
106;4;BB;EN;3x;3
107;2;OD;HI;3t;3
107;2;AP;HI;3w;20
107;3;SR;BT;3w;3
107;4;OA;Fy;3w;19
107;4;UF;SP;SP;17
108;1;PL;DA;3y;13
108;2;AD;FR;FR;9
108;2;LM;DA;3t;6
108;3;OD;ol;3y;2
108;4;TT;re;3w;4
108;4;OD;ol;3y;16
109;1;PW;EN;3t;14
109;2;SR;id;id2;5
109;2;PL;DA;3y;18
109;3;SR;BT;3w;1
109;4;SR;BT;3w;18
109;4;TT;re;3t;20
110;1;HD;MA;3w;11
110;1;MT;KI;KI;13
110;1;PL;DA;3y;19
110;2;BE;DA;3x;0
110;2;BB;EN;3x;7
110;2;PL;DA;3y;4
110;3;PW;EN;3t;8
110;3;LM;EN;3y;17
110;4;BE;DA;3x;12
110;4;MD;Fy;3x;20
110;4;KD;HI;3x;21
110;4;OD;HI;3t;19
111;1;RG;id;id4;3
111;1;MT;KI;KI;7
111;2;UF;SP;SP;13
111;2;PW;EN;3t;1
111;3;OD;HI;3y;4
111;3;PW;EN;3t;3
111;3;AD;FR;FR;0
111;3;PW;DA;3w;6
112;1;PW;DA;3w;8
112;1;TQ;SA;3x;13
112;1;HD;MA;3w;3
112;2;PL;DA;3y;6
112;3;BB;EN;3x;19
112;4;BE;DA;3x;17
113;1;OD;ol;3x;0
113;2;OD;HI;3y;14
113;2;MT;KI;KI;4
113;2;TT;re;3t;8
113;3;TT;re;3w;4
113;3;BB;EN;3x;9
113;3;OD;HI;3y;10
113;4;KD;HI;3x;1
113;4;MT;KI;KI;19
114;1;SR;id;id1;4
114;1;PW;DA;3w;9
114;1;AD;FR;FR;6
114;1;LM;DA;3t;1
114;2;MT;KI;KI;21
114;2;LM;DA;3t;11
114;3;TQ;SA;3x;1
114;3;LM;DA;3t;20
114;4;KD;HI;3x;9
115;2;OD;HI;3y;4
115;3;TT;id;id3;7
115;4;SR;BT;3w;11
115;4;BE;DA;3x;18
115;4;OD;HI;3t;15
115;4;OD;HI;3y;6
115;4;KD;HI;3x;5
116;1;SR;BT;3w;3
116;1;LM;DA;3t;0
116;1;UF;SP;SP;17
116;2;PW;DA;3w;15
116;2;RG;id;id4;4
116;2;AP;HI;3w;1
116;2;TT;re;3t;0
116;3;MD;Fy;3x;4
116;3;OD;ol;3y;8
116;4;OA;fy;3t;11
117;1;KD;HI;3x;2
117;1;BB;EN;3x;3
117;2;OD;ol;3y;6
117;3;TT;id;id3;15
117;3;MT;KI;KI;19
117;3;SR;id;id1;20
117;3;KD;HI;3x;8
117;4;HD;MA;3w;2
118;2;TT;re;3t;15
118;3;BB;EN;3x;10
118;3;LM;DA;3t;14
118;3;PW;EN;3t;9
118;4;TQ;SA;3x;15
118;4;AD;FR;FR;7
118;4;KD;HI;3x;21
119;1;OA;fy;3t;8
119;1;ID;Bi;3y;19
119;3;LM;EN;3y;11
119;3;PW;EN;3t;21
119;4;OD;ol;3x;10
119;4;TQ;SA;3x;17
120;1;TQ;SA;3x;21
120;1;UF;SP;SP;6
120;2;SR;BT;3w;9
120;3;MD;Fy;3x;16
120;3;OD;ol;3y;2
120;3;ID;Bi;3y;15
121;1;RG;id;id4;5
121;1;PL;DA;3y;15
121;2;OA;fy;3t;13
121;2;SR;BT;3w;0
121;3;PW;EN;3t;3
121;3;MT;KI;KI;19
121;3;OA;fy;3t;15
121;4;SR;BT;3w;18
121;4;TQ;SA;3x;2
121;4;BB;EN;3x;16
121;4;TT;re;3t;13
122;1;PW;EN;3t;9
122;1;TQ;SA;3x;7
122;2;TQ;SA;3x;3
122;2;OA;Fy;3w;1
122;2;KD;HI;3x;3
122;2;AP;HI;3w;7
122;3;OA;fy;3t;19
122;3;TT;id;id3;16
123;1;TT;re;3w;18
123;1;BB;EN;3x;6
123;1;BB;EN;3x;20
123;2;OD;HI;3t;5
123;3;PW;EN;3t;11
123;3;UF;SP;SP;10
124;1;UF;SP;SP;14
124;1;KD;HI;3x;21
124;1;PL;DA;3y;18
124;2;HD;MA;3w;9
124;3;HD;MA;3w;13
124;4;SR;BT;3w;16
124;4;OD;ol;3x;19
125;1;OD;ol;3x;20
125;1;OD;ol;3y;16
125;1;MD;Fy;3x;16
125;2;BE;DA;3x;5
125;2;TT;re;3w;19
125;2;OD;HI;3t;8
125;3;HD;MA;3w;9
125;4;MT;KI;KI;1
125;4;TT;re;3t;9
126;1;PW;DA;3w;18
126;3;TQ;SA;3x;14
126;3;TQ;SA;3x;2
126;4;PL;DA;3y;17
126;4;MD;Fy;3x;20
126;4;BB;EN;3x;4
126;4;OA;fy;3t;21
127;1;OD;ol;3x;13
127;1;OD;ol;3y;2
127;3;AP;HI;3w;13
127;3;UF;SP;SP;18
127;4;PL;DA;3y;7
127;4;BE;DA;3x;17
127;4;OD;HI;3t;19
128;1;BE;DA;3x;5
128;1;OD;HI;3t;3
128;1;OD;HI;3t;17
128;1;OA;Fy;3w;6
128;1;OD;HI;3t;7
128;1;LM;EN;3y;5
128;2;PW;DA;3w;10
128;3;AD;FR;FR;13
128;4;AD;FR;FR;19
128;4;AD;FR;FR;4
129;1;TT;re;3w;16
129;1;HD;MA;3w;13
129;2;LM;DA;3t;14
129;2;UF;SP;SP;13
129;2;ID;Bi;3y;15
129;2;AP;HI;3w;11
129;2;MD;Fy;3x;2
129;2;HD;MA;3w;20
130;1;TQ;SA;3x;6
130;1;LM;EN;3y;3
130;3;LM;EN;3y;5
130;3;PL;DA;3y;21
130;3;TQ;SA;3x;15
131;1;KD;HI;3x;19
131;1;TT;re;3t;3
131;1;TT;re;3w;10
131;1;BE;DA;3x;21
131;1;OD;HI;3t;0
131;1;AP;HI;3w;4
131;2;PW;EN;3t;12
131;3;TQ;SA;3x;14
131;4;PW;EN;3t;21
132;1;OD;ol;3x;16
132;1;PW;DA;3w;15
132;2;AD;FR;FR;21
132;2;SR;id;id2;5
132;2;SR;BT;3w;6
132;2;SR;id;id2;6
132;3;KD;HI;3x;19
132;3;PL;DA;3y;18
132;3;PW;DA;3w;14
132;4;OD;ol;3x;17
132;4;BB;EN;3x;14
133;1;OD;ol;3x;3
133;1;BE;DA;3x;2
133;2;LM;DA;3t;2
133;4;AD;FR;FR;2
133;4;KD;HI;3x;10
134;1;HD;MA;3w;20
134;1;MT;KI;KI;1
134;1;BE;DA;3x;10
134;1;OD;ol;3x;5
134;2;PW;EN;3t;12
134;2;OD;ol;3x;8
134;2;UF;SP;SP;0
134;4;OD;HI;3y;4
135;1;BB;EN;3x;17
135;2;HD;MA;3w;1
135;3;LM;EN;3y;1
135;3;AP;HI;3w;17
135;4;PL;DA;3y;19
136;2;TT;id;id3;7
136;3;TQ;SA;3x;7
136;3;PW;DA;3w;4
136;4;OA;Fy;3w;18
136;4;AP;HI;3w;9
137;1;PW;EN;3t;17
137;1;OA;Fy;3w;9
137;1;TT;re;3w;19
137;2;MD;Fy;3x;17
137;3;UF;SP;SP;2
138;2;BB;EN;3x;15
138;2;PW;DA;3w;17
138;2;PW;EN;3t;19
138;2;AP;HI;3w;17
138;2;LM;DA;3t;0
138;3;MT;KI;KI;0
138;3;BE;DA;3x;9
138;4;OD;HI;3y;13
138;4;OA;Fy;3w;16
139;1;OD;ol;3y;8
139;2;TT;re;3w;19
139;3;UF;SP;SP;12
139;4;UF;SP;SP;2
140;1;LM;DA;3t;7
140;1;TT;re;3w;10
140;1;PW;EN;3t;19
140;2;AP;HI;3w;17
140;3;AD;FR;FR;6
140;4;BB;EN;3x;20
140;4;ID;Bi;3y;16
141;1;OD;ol;3y;20
141;2;LM;EN;3y;20
141;2;SR;id;id1;10
141;2;BE;DA;3x;8
141;2;BB;EN;3x;20
141;3;PL;DA;3y;6
141;3;MT;KI;KI;5
141;3;RG;id;id4;6
141;3;TT;re;3t;15
141;4;OD;ol;3x;16
141;4;TT;re;3w;7
141;4;BE;DA;3x;11
142;1;MT;KI;KI;8
142;1;LM;EN;3y;18
142;1;LM;DA;3t;13
142;2;UF;SP;SP;15
142;2;UF;SP;SP;12
142;3;PW;DA;3w;9
142;3;AD;FR;FR;19
142;3;OA;Fy;3w;12
142;4;OD;HI;3t;2
142;4;BB;EN;3x;8
142;4;UF;SP;SP;8
143;1;RG;id;id4;0
143;4;SR;BT;3w;16
143;4;MT;KI;KI;5
143;4;LM;EN;3y;0
144;2;OD;ol;3x;10
144;2;BB;EN;3x;13
144;3;HD;MA;3w;14
144;4;MT;KI;KI;20
145;1;OD;ol;3y;9
145;2;TT;re;3w;3
145;3;BE;DA;3x;2
145;4;HD;MA;3w;0
145;4;TQ;SA;3x;17
145;4;PW;DA;3w;20
145;4;TT;re;3t;8
145;4;PW;DA;3w;9
145;4;PW;DA;3w;20
146;1;SR;id;id2;8
146;2;UF;SP;SP;19
146;2;SR;BT;3w;17
146;2;SR;BT;3w;8
146;3;HD;MA;3w;5
146;4;LM;EN;3y;2
147;1;OD;HI;3t;10
147;2;OA;fy;3t;7
147;3;BB;EN;3x;1
147;3;TT;re;3t;19
147;3;OD;ol;3y;5
148;1;LM;EN;3y;16
148;1;MT;KI;KI;13
148;3;BE;DA;3x;11
148;3;MD;Fy;3x;8
148;4;TT;id;id3;21
148;4;OA;fy;3t;14
149;1;PW;EN;3t;6
149;2;AD;FR;FR;19
149;2;LM;DA;3t;3
149;3;OD;ol;3y;10
149;3;LM;EN;3y;21
149;3;PW;EN;3t;13
149;3;BE;DA;3x;7
149;4;SR;BT;3w;6
149;4;SR;BT;3w;13
149;4;MT;KI;KI;3
149;4;PW;DA;3w;1
150;2;TT;re;3w;15
150;2;SR;BT;3w;6
150;2;OD;HI;3t;12
150;2;OD;HI;3t;13
150;3;OD;ol;3x;14
150;4;OA;fy;3t;13
150;4;OD;ol;3y;1
150;4;PW;EN;3t;10
151;1;TQ;SA;3x;5
151;2;TT;re;3t;6
151;3;LM;DA;3t;7
151;3;RG;id;id4;5
151;4;MT;KI;KI;15
151;4;TT;id;id3;13
152;2;PW;DA;3w;11
152;2;PW;DA;3w;8
152;3;TT;re;3w;16
152;4;OD;ol;3y;8
152;4;PL;DA;3y;3
152;4;OD;HI;3y;13
152;4;MT;KI;KI;15
152;4;OD;HI;3y;7
153;1;SR;BT;3w;10
153;3;PW;DA;3w;21
153;3;OD;HI;3t;6
153;3;OD;ol;3x;19
153;3;TT;re;3w;17
153;3;BB;EN;3x;3
153;4;KD;HI;3x;17
154;1;HD;MA;3w;18
154;1;SR;BT;3w;7
154;1;OD;ol;3x;18
154;3;BE;DA;3x;19
154;3;OA;Fy;3w;17
154;3;ID;Bi;3y;13
154;4;RG;id;id4;0
154;4;TT;re;3w;21
155;1;OD;HI;3t;5
155;1;HD;MA;3w;0
155;1;UF;SP;SP;17
155;1;SR;id;id1;13
155;1;LM;DA;3t;3
155;2;TT;re;3w;6
155;3;TQ;SA;3x;7
155;3;OD;HI;3t;6
155;3;LM;EN;3y;12
155;4;SR;BT;3w;14
155;4;HD;MA;3w;10
155;4;LM;DA;3t;12
155;4;HD;MA;3w;2
156;1;BE;DA;3x;18
156;1;PW;EN;3t;6
156;2;TT;re;3w;13
156;2;OD;HI;3y;13
156;3;TQ;SA;3x;1
156;3;UF;SP;SP;14
156;4;PW;DA;3w;16
157;1;OA;Fy;3w;2
157;1;HD;MA;3w;5
157;2;TT;re;3w;12
157;2;OD;HI;3t;13
157;4;SR;id;id1;17
158;1;PW;EN;3t;2
158;1;PL;DA;3y;2
158;2;RG;id;id4;17
158;2;OD;ol;3y;8
158;2;TQ;SA;3x;5
158;2;OD;HI;3y;6
158;2;ID;Bi;3y;3
158;3;LM;DA;3t;16
158;3;AP;HI;3w;19
158;3;TQ;SA;3x;21
158;4;HD;MA;3w;12
158;4;HD;MA;3w;1
158;4;BE;DA;3x;1
158;4;AP;HI;3w;14
159;1;TQ;SA;3x;14
159;1;BB;EN;3x;8
159;1;HD;MA;3w;17
159;1;PL;DA;3y;10
159;1;PW;EN;3t;10
159;2;SR;id;id1;5
159;2;PL;DA;3y;13
159;3;PW;EN;3t;2
159;3;UF;SP;SP;14
159;3;TQ;SA;3x;2
159;4;AD;FR;FR;13
159;4;HD;MA;3w;18
159;4;AP;HI;3w;9
160;2;SR;BT;3w;2
160;3;LM;EN;3y;18
160;3;TT;id;id3;1
161;2;PW;EN;3t;2
161;2;PW;DA;3w;17
161;2;TQ;SA;3x;1
161;2;AD;FR;FR;13
161;2;SR;id;id1;9
161;3;PL;DA;3y;17
161;4;TQ;SA;3x;12
161;4;AD;FR;FR;20
162;1;LM;DA;3t;4
162;1;OA;fy;3t;18
162;1;RG;id;id4;15
162;2;SR;BT;3w;2
162;2;OD;ol;3x;19
162;3;AD;FR;FR;11
162;3;LM;EN;3y;18
162;4;PW;DA;3w;15
162;4;BB;EN;3x;17
163;2;SR;BT;3w;20
163;2;RG;id;id4;18
163;3;PW;EN;3t;11
163;4;OD;HI;3y;18
163;4;LM;EN;3y;21
163;4;AP;HI;3w;12
163;4;KD;HI;3x;14
164;1;TQ;SA;3x;5
164;1;PW;DA;3w;0
164;2;TT;re;3t;11
164;3;PW;EN;3t;7
164;3;BE;DA;3x;4
164;4;OD;HI;3y;3
164;4;TQ;SA;3x;21
164;4;LM;DA;3t;19
165;1;TT;id;id3;20
165;2;KD;HI;3x;6
165;2;MT;KI;KI;7
165;2;TT;re;3w;0
165;2;TQ;SA;3x;5
165;2;OD;HI;3t;0
165;2;TQ;SA;3x;6
165;2;BE;DA;3x;6
165;3;OA;fy;3t;18
165;3;SR;BT;3w;7
165;4;TT;re;3w;19
166;2;LM;DA;3t;8
166;2;MT;KI;KI;3
166;3;AD;FR;FR;8
166;3;OD;HI;3y;5
166;3;KD;HI;3x;18
166;3;PW;DA;3w;4
166;4;PW;EN;3t;0
166;4;LM;EN;3y;17
167;1;LM;DA;3t;16
167;2;PL;DA;3y;20
167;2;AP;HI;3w;3
167;3;MT;KI;KI;10
167;3;LM;DA;3t;0
167;3;KD;HI;3x;3
167;3;KD;HI;3x;5
167;3;OA;fy;3t;7
167;4;UF;SP;SP;20
167;4;LM;DA;3t;10
168;2;TT;re;3t;16
168;3;OD;HI;3y;18
168;4;MT;KI;KI;16
169;1;OD;ol;3y;4
169;1;UF;SP;SP;10
169;1;AD;FR;FR;17
169;2;LM;EN;3y;19
169;4;PW;EN;3t;21
169;4;TQ;SA;3x;4
170;1;PL;DA;3y;18
170;2;PW;DA;3w;19
170;3;ID;Bi;3y;5
170;3;ID;Bi;3y;15
170;3;UF;SP;SP;3
170;4;MD;Fy;3x;2
170;4;OD;ol;3y;2
170;4;OA;fy;3t;11
170;4;PW;EN;3t;16
171;1;MT;KI;KI;6
171;2;KD;HI;3x;3
171;3;HD;MA;3w;14
171;3;OD;ol;3y;11
171;3;PW;EN;3t;16
171;4;TQ;SA;3x;5
172;1;HD;MA;3w;12
172;1;HD;MA;3w;5
172;1;ID;Bi;3y;14
172;1;OD;HI;3t;9
172;1;OD;ol;3y;16
172;2;LM;DA;3t;10
172;2;MD;Fy;3x;6
172;2;BE;DA;3x;18
173;1;SR;BT;3w;4
173;2;OA;fy;3t;21
173;2;HD;MA;3w;16
173;4;TT;re;3w;10
173;4;AP;HI;3w;5
173;4;MT;KI;KI;3
174;1;AD;FR;FR;9
174;2;LM;EN;3y;11
174;3;OA;fy;3t;15
174;3;OD;HI;3y;12
174;4;PW;EN;3t;13
174;4;KD;HI;3x;6
174;4;ID;Bi;3y;10
175;2;OA;fy;3t;6
175;2;HD;MA;3w;6
175;2;PW;EN;3t;21
175;2;RG;id;id4;6
175;2;UF;SP;SP;4
175;3;BE;DA;3x;8
175;3;ID;Bi;3y;5
175;4;OD;HI;3y;2
175;4;AD;FR;FR;3
175;4;PW;DA;3w;13
176;2;MD;Fy;3x;0
176;3;MD;Fy;3x;6
176;3;HD;MA;3w;11
176;3;OA;Fy;3w;17
176;3;PL;DA;3y;17
176;4;AD;FR;FR;20
176;4;PW;EN;3t;6
176;4;OD;ol;3x;6
176;4;PW;EN;3t;20
176;4;UF;SP;SP;9
177;1;PW;EN;3t;13
177;1;BB;EN;3x;9
177;2;MD;Fy;3x;14
177;3;BB;EN;3x;7
177;3;BB;EN;3x;5
177;4;LM;DA;3t;10
177;4;OD;HI;3y;15
177;4;TT;re;3t;3
178;1;SR;id;id2;16
178;1;LM;EN;3y;19
178;2;BE;DA;3x;19
178;2;OA;Fy;3w;0
178;4;BB;EN;3x;13
179;1;MT;KI;KI;6
179;1;MT;KI;KI;4
179;3;SR;BT;3w;15
179;3;LM;EN;3y;19
179;3;LM;DA;3t;19
179;4;OD;HI;3t;6
180;1;TT;re;3t;21
180;2;OD;ol;3y;13
180;3;LM;EN;3y;1
180;3;PW;EN;3t;19
180;3;ID;Bi;3y;0
180;3;TT;re;3t;6
180;4;MT;KI;KI;12
181;1;PW;DA;3w;3
181;1;PW;EN;3t;5
181;2;MD;Fy;3x;8
181;3;AD;FR;FR;5
181;4;TT;re;3t;0
181;4;LM;EN;3y;8
182;1;HD;MA;3w;20
182;1;PW;DA;3w;15
182;1;KD;HI;3x;0
182;1;SR;id;id1;15
182;1;TT;re;3w;19
182;2;UF;SP;SP;3
182;2;MD;Fy;3x;17
182;3;BE;DA;3x;15
182;3;PW;EN;3t;14
182;3;PL;DA;3y;7
182;4;UF;SP;SP;19
182;4;TQ;SA;3x;9
182;4;TQ;SA;3x;14
183;1;PL;DA;3y;11
183;1;PW;EN;3t;6
183;1;AP;HI;3w;1
183;2;MT;KI;KI;17
183;2;TQ;SA;3x;5
183;3;UF;SP;SP;11
183;3;OA;Fy;3w;5
183;3;BB;EN;3x;0
183;3;MT;KI;KI;11
183;4;SR;id;id1;13
183;4;LM;EN;3y;10
183;4;KD;HI;3x;12
184;2;AP;HI;3w;12
184;2;BB;EN;3x;8
184;2;TT;id;id3;19
184;3;AD;FR;FR;17
184;3;OD;HI;3t;0
184;3;PW;EN;3t;9
184;3;SR;id;id2;16
185;1;PW;DA;3w;11
185;1;LM;EN;3y;8
185;2;AD;FR;FR;7
185;2;RG;id;id4;21
185;2;OA;Fy;3w;17
185;2;PL;DA;3y;5
185;3;TT;id;id3;12
185;4;OD;HI;3t;12
186;1;BB;EN;3x;2
186;2;BB;EN;3x;12
186;3;MT;KI;KI;16
186;3;UF;SP;SP;14
187;1;HD;MA;3w;1
187;2;MT;KI;KI;12
187;2;PW;DA;3w;0
187;3;SR;id;id1;6
187;3;LM;EN;3y;3
187;3;PL;DA;3y;7
187;4;BE;DA;3x;19
187;4;AD;FR;FR;19
188;1;ID;Bi;3y;3
188;2;SR;BT;3w;17
188;2;PL;DA;3y;16
188;3;RG;id;id4;3
188;3;OD;HI;3y;0
188;3;MD;Fy;3x;14
188;4;RG;id;id4;2
188;4;HD;MA;3w;4
188;4;UF;SP;SP;6
189;2;AD;FR;FR;3
189;2;TQ;SA;3x;10
189;3;RG;id;id4;14
189;4;TT;re;3t;10
189;4;OA;Fy;3w;2
190;1;SR;id;id1;18
190;1;BE;DA;3x;4
190;2;OA;fy;3t;0
190;3;HD;MA;3w;4
190;4;HD;MA;3w;2
190;4;BB;EN;3x;20
190;4;MD;Fy;3x;10
190;4;BB;EN;3x;0
191;1;HD;MA;3w;21
191;2;LM;EN;3y;17
191;2;MT;KI;KI;12
191;2;SR;id;id1;6
192;1;HD;MA;3w;15
192;1;HD;MA;3w;17
192;3;UF;SP;SP;7
192;3;BE;DA;3x;12
192;3;PW;DA;3w;21
192;4;LM;EN;3y;16
192;4;OD;HI;3t;4
192;4;PW;EN;3t;21
193;1;OD;ol;3x;21
193;2;BB;EN;3x;7
193;3;PL;DA;3y;13
193;3;LM;EN;3y;14
193;4;LM;EN;3y;17
193;4;HD;MA;3w;19
193;4;PL;DA;3y;5
194;1;OD;ol;3x;19
194;2;OA;fy;3t;5
194;2;AD;FR;FR;19
194;3;PW;DA;3w;13
194;3;AD;FR;FR;0
194;4;ID;Bi;3y;7
194;4;SR;id;id2;1
194;4;MD;Fy;3x;11
195;1;BE;DA;3x;20
195;2;OD;HI;3y;17
195;2;TT;id;id3;10
195;3;PW;EN;3t;14
195;3;TT;re;3w;20
195;4;HD;MA;3w;4
195;4;PW;EN;3t;19
195;4;SR;BT;3w;12
195;4;TQ;SA;3x;9
