0;1;PW;DA;3w;1;4
0;1;LM;EN;3y;7;4
0;2;LM;DA;3t;3;4
0;2;HD;MA;3w;7;4
0;2;PL;DA;3y;12;4
0;3;OD;HI;3t;18;4
0;3;SR;BT;3w;17;4
0;4;SR;BT;3w;20;4
1;1;BE;DA;3x;4;4
1;1;PW;DA;3w;19;4
1;1;TT;re;3t;20;4
1;1;PL;DA;3y;14;4
1;2;AD;FR;FR;14;4
1;2;MT;KI;KI;4;4
1;3;OA;Fy;3w;5;4
1;4;SR;BT;3w;2;4
1;4;LM;EN;3y;13;4
2;1;LM;EN;3y;6;4
2;1;OD;HI;3t;19;4
2;2;TQ;SA;3x;4;4
2;2;OD;HI;3t;2;4
2;2;TT;re;3w;15;4
2;3;LM;DA;3t;20;4
2;3;AP;HI;3w;14;4
2;4;TT;re;3t;4;4
3;1;PL;DA;3y;6;4
3;1;OA;fy;3t;0;4
3;1;TQ;SA;3x;2;4
3;1;AP;HI;3w;5;4
3;2;TT;re;3w;4;4
3;2;PL;DA;3y;5;4
3;2;TQ;SA;3x;21;4
3;2;PW;EN;3t;8;4
3;3;PW;EN;3t;15;4
3;3;LM;EN;3y;3;4
3;4;BE;DA;3x;10;4
3;4;HD;MA;3w;14;4
4;1;PL;DA;3y;4;4
4;1;OD;HI;3t;19;4
4;2;RG;id;id4;19;4
4;3;TT;id;id3;18;4
4;4;SR;id;id2;9;4
5;1;SR;id;id1;12;4
5;2;TT;re;3w;4;4
5;2;ID;Bi;3y;5;4
5;2;BE;DA;3x;15;4
5;3;TT;re;3t;12;4
5;3;TQ;SA;3x;18;4
5;3;OA;Fy;3w;17;4
5;4;UF;SP;SP;12;4
5;4;TT;id;id3;9;4
6;1;PW;EN;3t;12;4
6;2;TT;re;3w;19;4
6;3;SR;BT;3w;6;4
6;3;PW;EN;3t;2;4
6;4;LM;EN;3y;2;4
6;4;PW;EN;3t;21;4
7;1;AP;HI;3w;21;4
7;1;BB;EN;3x;7;4
7;1;LM;DA;3t;14;4
7;1;OD;ol;3y;2;4
7;2;PW;EN;3t;18;4
7;3;TQ;SA;3x;2;4
7;3;LM;DA;3t;16;4
7;3;PW;DA;3w;19;4
7;3;OD;ol;3y;15;4
7;4;AD;FR;FR;3;4
8;1;RG;id;id4;11;4
8;2;TT;re;3w;0;4
8;3;OD;HI;3t;8;4
8;3;MD;Fy;3x;19;4
8;4;UF;SP;SP;5;4
9;1;RG;id;id4;16;4
9;2;MT;KI;KI;17;4
9;3;BE;DA;3x;16;4
9;4;AD;FR;FR;16;4
10;1;UF;SP;SP;9;4
10;2;UF;SP;SP;12;4
10;2;AD;FR;FR;3;4
10;3;MT;KI;KI;19;4
10;4;OD;HI;3y;11;4
10;4;OA;fy;3t;7;4
10;4;SR;BT;3w;21;4
11;1;OD;ol;3x;14;4
11;1;PW;DA;3w;4;4
11;1;TT;re;3t;0;4
11;2;UF;SP;SP;5;4
11;3;BB;EN;3x;14;4
11;3;TT;re;3t;7;4
11;4;TT;re;3t;17;4
11;4;PL;DA;3y;10;4
11;4;OD;ol;3x;6;4
11;4;SR;BT;3w;1;4
12;1;BB;EN;3x;15;4
12;2;LM;DA;3t;15;4
12;2;BE;DA;3x;13;4
12;2;ID;Bi;3y;2;4
12;2;PW;DA;3w;18;4
12;3;SR;BT;3w;12;4
12;3;LM;DA;3t;15;4
12;4;MD;Fy;3x;7;4
13;1;SR;id;id1;5;4
13;2;AP;HI;3w;21;4
13;2;KD;HI;3x;10;4
13;2;OA;fy;3t;2;4
13;3;SR;id;id2;11;4
13;4;OA;fy;3t;13;4
14;1;MT;KI;KI;10;4
14;1;UF;SP;SP;18;4
14;1;AD;FR;FR;12;4
14;2;BB;EN;3x;9;4
14;2;OA;Fy;3w;13;4
14;2;PL;DA;3y;5;4
14;3;OA;Fy;3w;21;4
14;4;SR;id;id1;20;4
15;1;MT;KI;KI;12;4
15;2;AD;FR;FR;6;4
15;3;PW;DA;3w;7;4
15;3;BE;DA;3x;14;4
15;3;LM;EN;3y;5;4
15;4;OD;ol;3x;11;4
15;4;SR;BT;3w;1;4
16;1;OD;HI;3t;1;4
16;1;SR;BT;3w;19;4
16;1;BB;EN;3x;3;4
16;2;TT;id;id3;19;4
16;3;MT;KI;KI;4;4
16;4;SR;id;id2;4;4
17;1;BE;DA;3x;20;4
17;1;LM;DA;3t;4;4
17;2;BE;DA;3x;2;4
17;2;OD;HI;3y;6;4
17;2;PW;DA;3w;18;4
17;3;PW;DA;3w;1;4
17;4;SR;BT;3w;7;4
18;1;UF;SP;SP;10;4
18;2;OA;fy;3t;10;4
18;2;LM;EN;3y;0;4
18;2;KD;HI;3x;5;4
18;3;MD;Fy;3x;16;4
18;4;SR;id;id1;21;4
19;1;PL;DA;3y;3;4
19;1;BB;EN;3x;8;4
19;1;OD;HI;3t;7;4
19;2;SR;id;id1;9;4
19;3;SR;id;id1;2;4
19;4;PW;EN;3t;8;4
19;4;KD;HI;3x;0;4
20;1;PW;DA;3w;17;4
20;2;PW;DA;3w;13;4
20;2;TQ;SA;3x;10;4
20;3;OD;ol;3y;20;4
20;3;TQ;SA;3x;11;4
20;3;HD;MA;3w;4;4
20;4;TT;re;3w;14;4
20;4;OD;ol;3x;18;4
20;4;LM;EN;3y;10;4
21;1;UF;SP;SP;8;4
21;1;MT;KI;KI;21;4
21;2;HD;MA;3w;14;4
21;3;OD;ol;3y;16;4
21;4;TQ;SA;3x;21;4
22;1;MD;Fy;3x;17;4
22;1;SR;BT;3w;6;4
22;1;OD;ol;3y;10;4
22;2;HD;MA;3w;20;4
22;3;OA;fy;3t;10;4
22;3;AP;HI;3w;6;4
22;4;OA;fy;3t;6;4
22;4;HD;MA;3w;0;4
22;4;TQ;SA;3x;16;4
23;1;PW;DA;3w;16;4
23;1;KD;HI;3x;14;4
23;2;BE;DA;3x;3;4
23;2;OD;HI;3t;21;4
23;2;PL;DA;3y;16;4
23;2;HD;MA;3w;19;4
23;3;RG;id;id4;5;4
23;4;TT;id;id3;0;4
24;1;MT;KI;KI;10;4
24;1;UF;SP;SP;12;4
24;2;MT;KI;KI;20;4
24;3;BB;EN;3x;9;4
24;3;HD;MA;3w;14;4
24;3;OD;HI;3y;20;4
24;4;UF;SP;SP;11;4
24;4;AD;FR;FR;9;4
24;4;TT;id;id3;8;4
25;1;OA;fy;3t;7;4
25;1;HD;MA;3w;20;4
25;2;HD;MA;3w;20;4
25;3;SR;id;id2;3;4
25;4;OA;fy;3t;1;4
26;1;MT;KI;KI;20;4
26;2;SR;BT;3w;19;4
26;2;LM;EN;3y;15;4
26;2;OD;ol;3x;20;4
26;3;BE;DA;3x;20;4
26;4;OD;HI;3t;2;4
26;4;TQ;SA;3x;20;4
27;1;PW;DA;3w;11;4
27;1;BE;DA;3x;8;4
27;1;OD;HI;3y;12;4
27;2;BE;DA;3x;1;4
27;2;AP;HI;3w;2;4
27;2;PL;DA;3y;3;4
27;3;LM;DA;3t;8;4
27;3;TQ;SA;3x;17;4
27;3;HD;MA;3w;20;4
27;4;MD;Fy;3x;8;4
27;4;TT;re;3t;1;4
27;4;HD;MA;3w;10;4
27;4;OD;HI;3y;21;4
28;1;SR;BT;3w;16;4
28;1;MD;Fy;3x;4;4
28;2;SR;id;id1;8;4
28;2;TT;id;id3;16;4
28;3;MT;KI;KI;5;4
28;3;AD;FR;FR;15;4
28;4;TQ;SA;3x;16;4
28;4;LM;EN;3y;19;4
29;1;PW;EN;3t;2;4
29;1;KD;HI;3x;6;4
29;2;MT;KI;KI;0;4
29;2;AD;FR;FR;4;4
29;3;MT;KI;KI;2;4
29;4;LM;DA;3t;11;4
29;4;PL;DA;3y;17;4
29;4;AP;HI;3w;0;4
30;1;SR;BT;3w;14;4
30;1;PW;EN;3t;12;4
30;1;LM;EN;3y;0;4
30;1;KD;HI;3x;21;4
30;2;AD;FR;FR;0;4
30;3;LM;EN;3y;12;4
30;3;PW;EN;3t;11;4
30;3;HD;MA;3w;20;4
30;4;TT;re;3t;12;4
30;4;HD;MA;3w;19;4
31;1;BE;DA;3x;5;4
31;1;OA;Fy;3w;1;4
31;2;KD;HI;3x;14;4
31;3;TT;re;3w;0;4
31;3;OD;ol;3y;2;4
31;3;PW;EN;3t;12;4
31;4;RG;id;id4;17;4
32;1;MT;KI;KI;2;4
32;1;UF;SP;SP;15;4
32;2;AP;HI;3w;13;4
32;2;TQ;SA;3x;21;4
32;3;RG;id;id4;7;4
32;3;MT;KI;KI;10;4
32;4;OD;ol;3x;21;4
32;4;SR;BT;3w;19;4
32;4;PW;EN;3t;5;4
33;1;HD;MA;3w;14;4
33;1;OD;ol;3y;21;4
33;1;KD;HI;3x;2;4
33;2;MT;KI;KI;21;4
33;3;PW;EN;3t;21;4
33;3;TQ;SA;3x;10;4
33;4;AD;FR;FR;17;4
34;1;TT;re;3w;7;4
34;1;PW;EN;3t;4;4
34;2;PW;DA;3w;16;4
34;2;OD;HI;3t;7;4
34;3;SR;id;id1;11;4
34;4;RG;id;id4;21;4
35;1;BB;EN;3x;13;4
35;1;LM;EN;3y;14;4
35;2;SR;BT;3w;20;4
35;3;BE;DA;3x;8;4
35;3;TT;re;3w;11;4
35;4;KD;HI;3x;21;4
36;1;UF;SP;SP;16;4
36;1;AD;FR;FR;9;4
36;2;PL;DA;3y;16;4
36;2;BB;EN;3x;19;4
36;2;AP;HI;3w;17;4
36;2;LM;DA;3t;12;4
36;3;HD;MA;3w;12;4
36;3;PL;DA;3y;0;4
36;3;KD;HI;3x;6;4
36;3;PW;EN;3t;7;4
36;4;UF;SP;SP;6;4
36;4;RG;id;id4;8;4
37;1;TT;re;3w;9;4
37;1;OD;ol;3y;12;4
37;1;BB;EN;3x;18;4
37;2;TT;id;id3;0;4
37;2;AD;FR;FR;10;4
37;3;OA;Fy;3w;18;4
37;3;LM;EN;3y;10;4
37;3;OD;ol;3x;14;4
37;4;UF;SP;SP;20;4
38;1;SR;id;id2;9;4
38;2;MT;KI;KI;0;4
38;2;AD;FR;FR;13;4
38;2;UF;SP;SP;21;4
38;3;HD;MA;3w;19;4
38;3;KD;HI;3x;20;4
38;3;OD;HI;3t;15;4
38;4;OD;ol;3y;2;4
38;4;OA;fy;3t;18;4
38;4;HD;MA;3w;13;4
39;1;PW;DA;3w;8;4
39;1;KD;HI;3x;9;4
39;1;PL;DA;3y;5;4
39;2;LM;DA;3t;20;4
39;2;AP;HI;3w;1;4
39;2;OD;ol;3x;3;4
39;3;LM;EN;3y;15;4
39;3;SR;BT;3w;20;4
39;3;TQ;SA;3x;12;4
39;4;OA;fy;3t;7;4
39;4;PW;DA;3w;9;4
39;4;LM;EN;3y;2;4
39;4;TQ;SA;3x;12;4
40;1;TQ;SA;3x;2;4
40;1;TT;re;3t;8;4
40;1;OD;HI;3y;15;4
40;2;SR;BT;3w;13;4
40;2;LM;DA;3t;11;4
40;3;AP;HI;3w;3;4
40;3;BE;DA;3x;11;4
40;3;LM;EN;3y;7;4
40;3;OD;HI;3t;12;4
40;4;HD;MA;3w;0;4
40;4;PL;DA;3y;15;4
40;4;OA;fy;3t;4;4
41;1;PW;DA;3w;3;4
41;1;BB;EN;3x;21;4
41;1;LM;EN;3y;6;4
41;2;PW;EN;3t;12;4
41;3;MT;KI;KI;8;4
41;4;SR;id;id2;3;4
41;4;RG;id;id4;6;4
42;1;AP;HI;3w;4;4
42;2;PW;DA;3w;20;4
42;2;ID;Bi;3y;0;4
42;3;ID;Bi;3y;15;4
42;3;PW;EN;3t;13;4
42;3;MD;Fy;3x;5;4
42;4;SR;id;id2;10;4
43;1;AP;HI;3w;12;4
43;1;TQ;SA;3x;15;4
43;2;MT;KI;KI;10;4
43;3;HD;MA;3w;6;4
43;3;OD;HI;3t;15;4
43;4;OD;HI;3t;20;4
43;4;BB;EN;3x;21;4
43;4;HD;MA;3w;17;4
44;1;OA;Fy;3w;10;4
44;1;OD;ol;3x;4;4
44;2;PW;EN;3t;18;4
44;3;AD;FR;FR;10;4
44;4;AP;HI;3w;11;4
44;4;KD;HI;3x;9;4
44;4;PW;EN;3t;10;4
45;1;BE;DA;3x;0;4
45;1;AP;HI;3w;21;4
45;1;OD;ol;3y;10;4
45;2;TT;re;3w;12;4
45;2;MD;Fy;3x;21;4
45;3;OD;ol;3y;5;4
45;3;LM;DA;3t;9;4
45;3;BB;EN;3x;18;4
45;4;BB;EN;3x;0;4
46;1;BB;EN;3x;8;4
46;1;OD;HI;3y;4;4
46;2;KD;HI;3x;17;4
46;2;PL;DA;3y;6;4
46;2;TT;re;3t;0;4
46;3;BE;DA;3x;11;4
46;3;OA;fy;3t;4;4
46;4;KD;HI;3x;5;4
46;4;OA;fy;3t;9;4
47;1;KD;HI;3x;0;4
47;2;MT;KI;KI;4;4
47;2;UF;SP;SP;3;4
47;3;SR;id;id2;8;4
47;4;SR;id;id2;6;4
47;4;RG;id;id4;2;4
48;1;BE;DA;3x;3;4
48;1;PW;DA;3w;21;4
48;2;BB;EN;3x;13;4
48;3;MT;KI;KI;3;4
48;4;TQ;SA;3x;2;4
48;4;HD;MA;3w;9;4
48;4;TT;re;3t;13;4
48;4;LM;EN;3y;7;4
49;1;PW;DA;3w;10;4
49;2;OD;HI;3t;16;4
49;2;PL;DA;3y;4;4
49;3;RG;id;id4;12;4
49;4;AP;HI;3w;4;4
50;1;PW;EN;3t;17;4
50;1;AP;HI;3w;9;4
50;1;MD;Fy;3x;14;4
50;2;TT;re;3t;20;4
50;3;TQ;SA;3x;16;4
50;3;OD;HI;3t;18;4
50;3;OA;Fy;3w;17;4
50;4;BB;EN;3x;2;4
50;4;PW;EN;3t;5;4
50;4;SR;BT;3w;11;4
50;4;OD;ol;3y;9;4
51;1;BB;EN;3x;13;4
51;2;AD;FR;FR;6;4
51;3;AD;FR;FR;18;4
51;3;TT;id;id3;20;4
51;4;PW;EN;3t;18;4
51;4;BB;EN;3x;6;4
51;4;HD;MA;3w;13;4
52;1;MT;KI;KI;17;4
52;2;BB;EN;3x;18;4
52;2;OD;HI;3y;3;4
52;2;PW;EN;3t;10;4
52;3;SR;BT;3w;9;4
52;3;LM;EN;3y;6;4
52;4;PW;DA;3w;3;4
52;4;BB;EN;3x;12;4
52;4;OD;HI;3y;5;4
53;1;OD;HI;3y;6;4
53;1;PW;EN;3t;3;4
53;2;PW;EN;3t;19;4
53;2;TT;re;3w;16;4
53;2;TQ;SA;3x;0;4
53;2;OD;HI;3y;18;4
53;3;TT;re;3t;4;4
53;3;PL;DA;3y;10;4
53;3;KD;HI;3x;1;4
53;4;SR;BT;3w;21;4
53;4;OD;HI;3t;0;4
54;1;UF;SP;SP;4;4
54;2;LM;EN;3y;11;4
54;2;SR;BT;3w;4;4
54;2;KD;HI;3x;14;4
54;2;OD;HI;3t;7;4
54;3;HD;MA;3w;3;4
54;3;LM;EN;3y;7;4
54;3;PW;EN;3t;9;4
54;4;UF;SP;SP;16;4
55;1;LM;EN;3y;18;4
55;1;TQ;SA;3x;2;4
55;1;TT;re;3t;4;4
55;2;SR;BT;3w;16;4
55;3;HD;MA;3w;18;4
55;3;BE;DA;3x;3;4
55;4;LM;DA;3t;1;4
55;4;AP;HI;3w;18;4
55;4;OD;ol;3x;14;4
56;1;LM;EN;3y;15;4
56;1;OD;ol;3x;8;4
56;1;OA;Fy;3w;16;4
56;2;UF;SP;SP;10;4
56;2;MT;KI;KI;17;4
56;3;SR;BT;3w;10;4
56;3;TQ;SA;3x;21;4
56;3;PL;DA;3y;1;4
56;4;OD;HI;3t;15;4
57;1;SR;id;id2;5;4
57;1;UF;SP;SP;0;4
57;2;MD;Fy;3x;5;4
57;2;HD;MA;3w;3;4
57;3;OA;fy;3t;16;4
57;3;OD;ol;3x;10;4
57;4;UF;SP;SP;11;4
57;4;AD;FR;FR;13;4
57;4;MT;KI;KI;9;4
58;1;PW;DA;3w;2;4
58;1;TQ;SA;3x;14;4
58;2;OD;HI;3y;15;4
58;2;AP;HI;3w;1;4
58;3;TT;re;3t;1;4
58;4;BE;DA;3x;2;4
59;1;TQ;SA;3x;9;4
59;1;PW;DA;3w;14;4
59;1;ID;Bi;3y;18;4
59;2;TT;re;3w;11;4
59;2;ID;Bi;3y;14;4
59;2;OD;ol;3x;1;4
59;3;OD;HI;3y;10;4
59;4;PW;DA;3w;18;4
60;1;RG;id;id4;11;4
60;1;SR;id;id1;16;4
60;2;SR;BT;3w;19;4
60;2;OD;HI;3y;16;4
60;3;OA;Fy;3w;9;4
60;3;BE;DA;3x;15;4
60;4;BE;DA;3x;17;4
61;1;SR;BT;3w;17;4
61;2;BB;EN;3x;6;4
61;2;LM;EN;3y;2;4
61;2;PW;DA;3w;16;4
61;3;OA;fy;3t;1;4
61;3;LM;EN;3y;19;4
61;4;LM;DA;3t;4;4
61;4;TQ;SA;3x;7;4
61;4;HD;MA;3w;21;4
62;1;TQ;SA;3x;7;4
62;1;SR;BT;3w;16;4
62;2;LM;DA;3t;7;4
62;2;SR;BT;3w;8;4
62;3;UF;SP;SP;5;4
62;4;TT;re;3t;19;4
62;4;PL;DA;3y;13;4
62;4;SR;BT;3w;6;4
63;1;TQ;SA;3x;14;4
63;1;PL;DA;3y;1;4
63;1;PW;DA;3w;10;4
63;2;MD;Fy;3x;18;4
63;2;PW;EN;3t;15;4
63;2;OD;HI;3y;21;4
63;3;OA;Fy;3w;4;4
63;3;TQ;SA;3x;7;4
63;4;OD;HI;3y;11;4
63;4;TT;re;3w;14;4
63;4;PW;EN;3t;9;4
63;4;MD;Fy;3x;19;4
64;1;KD;HI;3x;3;4
64;2;OD;HI;3y;14;4
64;2;PW;EN;3t;0;4
64;2;BB;EN;3x;11;4
64;3;TQ;SA;3x;14;4
64;3;PW;DA;3w;20;4
64;4;OD;ol;3x;20;4
64;4;PL;DA;3y;6;4
65;1;LM;EN;3y;9;4
65;1;BB;EN;3x;20;4
65;1;PW;DA;3w;8;4
65;2;LM;EN;3y;18;4
65;3;OD;ol;3x;15;4
65;3;ID;Bi;3y;18;4
65;3;TT;re;3w;6;4
65;3;PW;EN;3t;21;4
65;4;AD;FR;FR;13;4
66;1;UF;SP;SP;9;4
66;2;MD;Fy;3x;5;4
66;2;OD;ol;3y;8;4
66;3;OD;HI;3y;10;4
66;3;PW;EN;3t;17;4
66;3;BB;EN;3x;1;4
66;3;HD;MA;3w;4;4
66;4;OD;HI;3t;9;4
67;1;PW;DA;3w;20;4
67;1;MD;Fy;3x;3;4
67;1;PL;DA;3y;18;4
67;2;BB;EN;3x;6;4
67;3;BB;EN;3x;0;4
67;4;ID;Bi;3y;14;4
67;4;OD;ol;3x;18;4
68;1;PL;DA;3y;0;4
68;1;HD;MA;3w;9;4
68;1;OD;HI;3t;5;4
68;2;MT;KI;KI;14;4
68;2;AD;FR;FR;18;4
68;3;OA;Fy;3w;13;4
68;3;LM;DA;3t;16;4
68;4;SR;BT;3w;16;4
68;4;TQ;SA;3x;6;4
69;1;PW;DA;3w;20;4
69;1;TQ;SA;3x;11;4
69;2;AD;FR;FR;18;4
69;2;MT;KI;KI;9;4
69;3;TT;re;3w;2;4
69;3;OD;HI;3y;3;4
69;4;UF;SP;SP;19;4
70;1;KD;HI;3x;17;4
70;1;PW;DA;3w;4;4
70;2;SR;id;id1;21;4
70;3;MT;KI;KI;17;4
70;4;KD;HI;3x;2;4
70;4;PL;DA;3y;9;4
71;1;UF;SP;SP;0;4
71;2;SR;id;id2;3;4
71;3;OD;HI;3t;18;4
71;3;TQ;SA;3x;19;4
71;4;TT;re;3w;3;4
71;4;OD;ol;3x;11;4
72;1;OD;HI;3y;3;4
72;1;TQ;SA;3x;7;4
72;2;UF;SP;SP;1;4
72;2;AD;FR;FR;8;4
72;3;MT;KI;KI;21;4
72;3;SR;id;id1;16;4
72;4;SR;id;id2;8;4
73;1;SR;id;id1;7;4
73;2;OD;HI;3t;13;4
73;3;TQ;SA;3x;1;4
73;4;OA;Fy;3w;18;4
73;4;TQ;SA;3x;8;4
74;1;TT;re;3t;1;4
74;1;OD;HI;3y;7;4
74;1;BE;DA;3x;14;4
74;1;SR;BT;3w;20;4
74;2;BB;EN;3x;21;4
74;2;OA;Fy;3w;1;4
74;3;UF;SP;SP;15;4
74;4;SR;BT;3w;0;4
74;4;OD;ol;3y;2;4
74;4;BB;EN;3x;17;4
75;1;RG;id;id4;12;4
75;2;TQ;SA;3x;21;4
75;2;LM;DA;3t;5;4
75;2;OD;HI;3y;20;4
75;3;AD;FR;FR;1;4
75;4;UF;SP;SP;7;4
76;1;AP;HI;3w;13;4
76;1;PL;DA;3y;10;4
76;1;PW;EN;3t;6;4
76;2;BE;DA;3x;18;4
76;3;OA;Fy;3w;13;4
76;4;BB;EN;3x;4;4
77;1;LM;DA;3t;4;4
77;2;SR;BT;3w;5;4
77;2;MD;Fy;3x;2;4
77;3;KD;HI;3x;18;4
77;3;AP;HI;3w;0;4
77;4;PW;EN;3t;17;4
77;4;OA;Fy;3w;16;4
77;4;KD;HI;3x;18;4
78;1;AD;FR;FR;19;4
78;2;UF;SP;SP;10;4
78;3;PW;DA;3w;12;4
78;3;TQ;SA;3x;18;4
78;4;UF;SP;SP;6;4
79;1;TT;re;3t;20;4
79;1;BB;EN;3x;10;4
79;2;PW;DA;3w;20;4
79;2;BB;EN;3x;1;4
79;3;SR;BT;3w;2;4
79;4;LM;DA;3t;1;4
79;4;PW;DA;3w;0;4
79;4;MD;Fy;3x;18;4
80;1;OA;fy;3t;11;4
80;1;MD;Fy;3x;7;4
80;2;OA;Fy;3w;3;4
80;3;MD;Fy;3x;17;4
80;3;LM;EN;3y;0;4
80;3;SR;BT;3w;5;4
80;4;OD;ol;3y;0;4
80;4;OA;Fy;3w;4;4
80;4;LM;DA;3t;17;4
81;1;OA;Fy;3w;12;4
81;1;BE;DA;3x;15;4
81;2;PW;EN;3t;21;4
81;2;BB;EN;3x;15;4
81;2;HD;MA;3w;14;4
81;3;UF;SP;SP;12;4
81;3;MT;KI;KI;21;4
81;4;SR;id;id2;0;4
82;1;AD;FR;FR;4;4
82;2;AD;FR;FR;2;4
82;2;UF;SP;SP;6;4
82;3;OA;fy;3t;10;4
82;3;LM;EN;3y;13;4
82;3;KD;HI;3x;5;4
82;3;TT;re;3w;21;4
82;4;OD;HI;3t;20;4
82;4;MD;Fy;3x;12;4
83;1;HD;MA;3w;13;4
83;1;OD;ol;3y;5;4
83;2;PW;EN;3t;20;4
83;2;TT;re;3w;11;4
83;3;HD;MA;3w;20;4
83;3;TQ;SA;3x;17;4
83;3;LM;DA;3t;16;4
83;4;ID;Bi;3y;15;4
83;4;PW;EN;3t;2;4
83;4;BB;EN;3x;17;4
84;1;OD;ol;3y;1;4
84;2;PW;DA;3w;6;4
84;3;AD;FR;FR;14;4
84;4;RG;id;id4;10;4
84;4;UF;SP;SP;5;4
85;1;OD;HI;3t;7;4
85;1;MD;Fy;3x;19;4
85;2;SR;id;id1;13;4
85;3;OD;HI;3t;10;4
85;3;PL;DA;3y;21;4
85;3;BB;EN;3x;17;4
85;3;PW;DA;3w;11;4
85;4;UF;SP;SP;3;4
86;1;HD;MA;3w;4;4
86;1;LM;EN;3y;17;4
86;1;MD;Fy;3x;5;4
86;2;KD;HI;3x;1;4
86;2;LM;DA;3t;14;4
86;2;ID;Bi;3y;20;4
86;2;HD;MA;3w;15;4
86;3;SR;id;id1;5;4
86;3;TT;id;id3;12;4
86;4;BB;EN;3x;20;4
86;4;PL;DA;3y;7;4
87;1;OA;Fy;3w;18;4
87;1;OD;HI;3y;17;4
87;2;HD;MA;3w;9;4
87;2;LM;EN;3y;0;4
87;2;BE;DA;3x;3;4
87;3;OA;fy;3t;0;4
87;4;BB;EN;3x;11;4
87;4;LM;DA;3t;21;4
87;4;HD;MA;3w;12;4
88;1;PW;EN;3t;6;4
88;1;BB;EN;3x;9;4
88;1;PL;DA;3y;21;4
88;2;OA;fy;3t;2;4
88;2;AP;HI;3w;4;4
88;2;LM;EN;3y;6;4
88;3;OD;HI;3y;6;4
88;4;RG;id;id4;18;4
89;1;LM;DA;3t;8;4
89;2;RG;id;id4;12;4
89;3;OD;HI;3y;19;4
89;3;TT;re;3w;8;4
89;3;LM;DA;3t;13;4
89;3;KD;HI;3x;10;4
89;4;OD;HI;3y;15;4
90;1;OD;ol;3x;18;4
90;1;PL;DA;3y;17;4
90;1;AP;HI;3w;0;4
90;2;HD;MA;3w;12;4
90;2;BB;EN;3x;1;4
90;2;TT;re;3t;11;4
90;2;ID;Bi;3y;19;4
90;3;BE;DA;3x;3;4
90;3;PW;DA;3w;20;4
90;4;SR;id;id2;10;4
91;1;TQ;SA;3x;7;4
91;2;BB;EN;3x;9;4
91;3;LM;DA;3t;18;4
91;4;OA;Fy;3w;1;4
92;1;PW;DA;3w;6;4
92;1;OD;ol;3y;5;4
92;2;TT;id;id3;9;4
92;3;TQ;SA;3x;18;4
92;3;HD;MA;3w;4;4
92;3;OD;HI;3t;9;4
92;4;OD;ol;3x;15;4
93;1;PL;DA;3y;16;4
93;1;OA;Fy;3w;3;4
93;2;LM;EN;3y;9;4
93;2;KD;HI;3x;17;4
93;3;PW;EN;3t;6;4
93;3;HD;MA;3w;13;4
93;3;ID;Bi;3y;5;4
93;3;BE;DA;3x;20;4
93;4;OD;HI;3y;16;4
93;4;HD;MA;3w;0;4
94;1;PW;EN;3t;5;4
94;1;OD;ol;3x;4;4
94;1;ID;Bi;3y;17;4
94;1;AP;HI;3w;16;4
94;2;TT;re;3t;2;4
94;2;OA;Fy;3w;7;4
94;3;OD;ol;3x;10;4
94;4;SR;id;id1;5;4
95;1;LM;EN;3y;0;4
95;1;OA;Fy;3w;20;4
95;2;BE;DA;3x;10;4
95;2;TT;re;3w;20;4
95;2;OA;fy;3t;11;4
95;2;OD;HI;3y;4;4
95;3;MD;Fy;3x;18;4
95;4;BB;EN;3x;0;4
95;4;OA;Fy;3w;4;4
95;4;PW;EN;3t;18;4
96;1;PW;EN;3t;6;4
96;2;AD;FR;FR;19;4
96;3;TT;re;3t;7;4
96;3;TQ;SA;3x;20;4
96;3;PL;DA;3y;11;4
96;4;AD;FR;FR;21;4
96;4;MT;KI;KI;8;4
97;1;KD;HI;3x;19;4
97;1;OA;fy;3t;16;4
97;1;PL;DA;3y;14;4
97;2;LM;DA;3t;17;4
97;2;MD;Fy;3x;13;4
97;3;BE;DA;3x;0;4
97;3;SR;BT;3w;8;4
97;3;PW;EN;3t;3;4
97;4;MT;KI;KI;13;4
98;1;UF;SP;SP;17;4
98;1;AD;FR;FR;16;4
98;1;MT;KI;KI;1;4
98;2;PL;DA;3y;19;4
98;2;OD;ol;3x;3;4
98;3;UF;SP;SP;6;4
98;4;AD;FR;FR;20;4
99;1;PW;DA;3w;9;4
99;1;OD;ol;3y;17;4
99;1;OA;fy;3t;10;4
99;2;PW;DA;3w;13;4
99;2;OD;ol;3y;4;4
99;3;UF;SP;SP;9;4
99;3;AD;FR;FR;11;4
99;4;OA;fy;3t;15;4
100;1;LM;EN;3y;17;4
100;1;OD;ol;3x;16;4
100;2;AD;FR;FR;3;4
100;3;MT;KI;KI;1;4
100;4;TQ;SA;3x;5;4
100;4;LM;DA;3t;6;4
101;1;MD;Fy;3x;21;4
101;2;AD;FR;FR;15;4
101;3;AD;FR;FR;9;4
101;4;OD;HI;3y;15;4
102;1;MT;KI;KI;2;4
102;1;UF;SP;SP;14;4
102;2;AD;FR;FR;9;4
102;3;AD;FR;FR;19;4
102;4;UF;SP;SP;12;4
102;4;AD;FR;FR;9;4
102;4;TT;id;id3;20;4
103;1;AD;FR;FR;6;4
103;2;SR;BT;3w;6;4
103;2;PW;EN;3t;18;4
103;3;TT;id;id3;3;4
103;4;TT;id;id3;20;4
103;4;SR;id;id2;10;4
103;4;RG;id;id4;16;4
104;1;OD;ol;3y;9;4
104;1;HD;MA;3w;0;4
104;2;LM;DA;3t;14;4
104;2;HD;MA;3w;13;4
104;2;BE;DA;3x;19;4
104;3;TT;re;3w;9;4
104;3;BE;DA;3x;10;4
104;4;AD;FR;FR;8;4
105;1;MT;KI;KI;0;4
105;2;HD;MA;3w;6;4
105;2;LM;DA;3t;17;4
105;2;TQ;SA;3x;18;4
105;3;MT;KI;KI;17;4
105;4;BE;DA;3x;18;4
105;4;OD;HI;3t;20;4
105;4;LM;EN;3y;6;4
105;4;AP;HI;3w;7;4
106;1;AP;HI;3w;18;4
106;1;OD;ol;3y;11;4
106;2;BE;DA;3x;5;4
106;3;LM;DA;3t;12;4
106;3;KD;HI;3x;1;4
106;3;HD;MA;3w;6;4
106;4;OD;HI;3t;5;4
106;4;AP;HI;3w;16;4
106;4;BE;DA;3x;3;4
107;1;OD;HI;3y;18;4
107;2;TT;id;id3;8;4
107;3;LM;EN;3y;20;4
107;3;OA;Fy;3w;8;4
107;4;BB;EN;3x;10;4
107;4;HD;MA;3w;21;4
108;1;LM;EN;3y;20;4
108;1;TT;re;3t;1;4
108;2;OD;ol;3x;11;4
108;2;PL;DA;3y;4;4
108;2;PW;EN;3t;18;4
108;3;OD;ol;3x;20;4
108;3;HD;MA;3w;18;4
108;4;BB;EN;3x;8;4
109;1;HD;MA;3w;21;4
109;2;OA;fy;3t;7;4
109;2;LM;EN;3y;8;4
109;2;HD;MA;3w;4;4
109;2;TQ;SA;3x;14;4
109;3;TQ;SA;3x;6;4
109;3;OD;HI;3t;15;4
109;4;TQ;SA;3x;14;4
109;4;TT;re;3t;8;4
110;1;HD;MA;3w;3;4
110;1;LM;EN;3y;7;4
110;2;SR;BT;3w;19;4
110;2;OA;fy;3t;11;4
110;2;OD;ol;3x;0;4
110;3;UF;SP;SP;8;4
110;4;PL;DA;3y;11;4
110;4;TQ;SA;3x;15;4
110;4;TT;re;3t;0;4
110;4;OA;Fy;3w;4;4
111;1;PW;EN;3t;9;4
111;2;AD;FR;FR;0;4
111;2;UF;SP;SP;8;4
111;3;TT;re;3w;6;4
111;4;LM;EN;3y;21;4
111;4;TT;re;3w;9;4
112;1;SR;BT;3w;20;4
112;1;BE;DA;3x;8;4
112;1;OD;ol;3y;11;4
112;2;OA;fy;3t;0;4
112;2;AP;HI;3w;7;4
112;3;OA;fy;3t;10;4
112;4;MT;KI;KI;3;4
113;1;TQ;SA;3x;16;4
113;1;ID;Bi;3y;15;4
113;2;TT;id;id3;4;4
113;2;SR;id;id1;12;4
113;3;RG;id;id4;13;4
113;3;UF;SP;SP;0;4
113;3;TT;id;id3;4;4
113;4;PW;EN;3t;3;4
113;4;OD;HI;3y;5;4
113;4;HD;MA;3w;20;4
113;4;BB;EN;3x;7;4
114;1;OD;HI;3t;11;4
114;1;TT;re;3w;5;4
114;1;MD;Fy;3x;3;4
114;2;OD;ol;3y;15;4
114;3;SR;BT;3w;4;4
114;4;MD;Fy;3x;5;4
115;1;UF;SP;SP;20;4
115;2;OD;HI;3y;6;4
115;2;SR;BT;3w;2;4
115;2;BB;EN;3x;12;4
115;3;SR;id;id1;16;4
115;3;MT;KI;KI;5;4
115;4;AP;HI;3w;17;4
115;4;PW;EN;3t;4;4
115;4;TQ;SA;3x;11;4
115;4;PL;DA;3y;14;4
116;1;TT;id;id3;15;4
116;2;LM;EN;3y;20;4
116;2;PW;EN;3t;15;4
116;2;OA;Fy;3w;2;4
116;3;OA;Fy;3w;11;4
116;3;KD;HI;3x;12;4
116;4;OD;ol;3y;19;4
117;1;SR;id;id2;12;4
117;2;OD;HI;3y;6;4
117;2;OA;Fy;3w;18;4
117;2;LM;DA;3t;5;4
117;3;BE;DA;3x;15;4
117;3;TT;re;3w;4;4
117;4;BB;EN;3x;9;4
117;4;SR;BT;3w;16;4
117;4;OD;HI;3y;15;4
118;1;UF;SP;SP;17;4
118;1;AD;FR;FR;5;4
118;2;TQ;SA;3x;5;4
118;2;AP;HI;3w;18;4
118;2;OD;ol;3y;10;4
118;3;TQ;SA;3x;17;4
118;3;PW;DA;3w;3;4
118;4;PL;DA;3y;4;4
118;4;PW;EN;3t;11;4
119;1;HD;MA;3w;20;4
119;1;BE;DA;3x;3;4
119;1;TT;re;3t;8;4
119;1;ID;Bi;3y;6;4
119;2;PL;DA;3y;17;4
119;2;OD;ol;3x;1;4
119;3;LM;DA;3t;19;4
119;4;BB;EN;3x;18;4
119;4;LM;DA;3t;19;4
120;1;TT;id;id3;20;4
120;2;HD;MA;3w;2;4
120;3;SR;id;id1;17;4
120;4;BE;DA;3x;0;4
120;4;OD;ol;3y;16;4
120;4;LM;DA;3t;3;4
120;4;TT;re;3w;5;4
121;1;AD;FR;FR;1;4
121;2;MT;KI;KI;14;4
121;2;AD;FR;FR;0;4
121;3;OA;fy;3t;7;4
121;3;OD;ol;3x;9;4
121;3;ID;Bi;3y;21;4
121;4;SR;BT;3w;19;4
122;1;PW;DA;3w;0;4
122;1;LM;DA;3t;15;4
122;2;LM;EN;3y;4;4
122;2;KD;HI;3x;21;4
122;3;MD;Fy;3x;6;4
122;3;SR;BT;3w;8;4
122;3;OA;fy;3t;16;4
122;4;PW;DA;3w;0;4
122;4;OD;HI;3y;5;4
122;4;LM;DA;3t;2;4
123;1;PL;DA;3y;15;4
123;1;LM;DA;3t;14;4
123;1;HD;MA;3w;0;4
123;1;BB;EN;3x;19;4
123;2;OD;HI;3t;8;4
123;2;PW;DA;3w;16;4
123;2;PL;DA;3y;7;4
123;3;HD;MA;3w;18;4
123;3;PW;EN;3t;7;4
123;3;OD;HI;3y;10;4
123;4;MT;KI;KI;6;4
124;1;LM;EN;3y;20;4
124;1;OD;ol;3x;14;4
124;2;MT;KI;KI;9;4
124;2;SR;id;id1;15;4
124;3;UF;SP;SP;11;4
124;4;AD;FR;FR;17;4
125;1;PW;DA;3w;21;4
125;1;BB;EN;3x;3;4
125;1;OA;fy;3t;18;4
125;1;PL;DA;3y;0;4
125;2;OD;ol;3x;2;4
125;2;AP;HI;3w;12;4
125;3;PW;DA;3w;12;4
125;4;UF;SP;SP;3;4
126;1;SR;id;id1;4;4
126;2;TT;id;id3;5;4
126;2;RG;id;id4;12;4
126;3;LM;EN;3y;17;4
126;3;OD;ol;3x;13;4
126;4;TT;re;3t;8;4
126;4;BB;EN;3x;2;4
127;1;PW;EN;3t;14;4
127;2;MT;KI;KI;19;4
127;2;AD;FR;FR;15;4
127;3;OA;fy;3t;4;4
127;3;TQ;SA;3x;8;4
127;3;ID;Bi;3y;12;4
127;4;BB;EN;3x;14;4
128;1;LM;EN;3y;2;4
128;1;AP;HI;3w;1;4
128;1;KD;HI;3x;15;4
128;2;OD;HI;3y;5;4
128;2;HD;MA;3w;13;4
128;2;OA;fy;3t;21;4
128;3;MD;Fy;3x;11;4
128;4;BE;DA;3x;16;4
129;1;HD;MA;3w;17;4
129;1;MD;Fy;3x;6;4
129;2;PW;EN;3t;21;4
129;3;LM;DA;3t;11;4
129;3;AP;HI;3w;7;4
129;3;BB;EN;3x;8;4
129;4;KD;HI;3x;12;4
129;4;OD;ol;3y;9;4
130;1;MT;KI;KI;1;4
130;2;UF;SP;SP;7;4
130;3;LM;EN;3y;13;4
130;3;BE;DA;3x;6;4
130;4;RG;id;id4;16;4
130;4;UF;SP;SP;1;4
131;1;SR;id;id1;18;4
131;2;SR;BT;3w;1;4
131;3;ID;Bi;3y;12;4
131;3;SR;BT;3w;13;4
131;4;RG;id;id4;7;4
131;4;MT;KI;KI;19;4
131;4;UF;SP;SP;21;4
132;1;MT;KI;KI;13;4
132;2;BE;DA;3x;13;4
132;2;TT;re;3t;0;4
132;3;OD;ol;3x;13;4
132;3;TT;re;3w;20;4
132;4;LM;EN;3y;6;4
132;4;TT;re;3t;2;4
132;4;OA;Fy;3w;7;4
132;4;KD;HI;3x;4;4
133;1;TT;re;3w;15;4
133;1;BB;EN;3x;9;4
133;2;PL;DA;3y;20;4
133;2;OD;HI;3t;2;4
133;3;TT;re;3t;14;4
133;3;PW;DA;3w;9;4
133;3;OD;ol;3x;1;4
133;3;PL;DA;3y;0;4
133;4;AD;FR;FR;8;4
133;4;UF;SP;SP;0;4
134;1;PW;EN;3t;7;4
134;2;TQ;SA;3x;16;4
134;2;SR;BT;3w;20;4
134;2;PW;EN;3t;7;4
134;2;OD;ol;3y;12;4
134;3;SR;id;id2;14;4
134;4;MT;KI;KI;6;4
135;1;TT;re;3t;0;4
135;1;BB;EN;3x;13;4
135;2;OA;Fy;3w;15;4
135;2;OD;ol;3x;11;4
135;3;HD;MA;3w;4;4
135;3;OD;ol;3x;21;4
135;4;OA;Fy;3w;5;4
135;4;TQ;SA;3x;13;4
136;1;AD;FR;FR;4;4
136;2;TQ;SA;3x;5;4
136;2;PW;DA;3w;21;4
136;2;LM;EN;3y;17;4
136;3;TT;id;id3;3;4
136;4;AD;FR;FR;3;4
137;1;ID;Bi;3y;18;4
137;1;PW;EN;3t;2;4
137;1;AP;HI;3w;4;4
137;2;PW;EN;3t;1;4
137;2;LM;EN;3y;17;4
137;2;TT;re;3w;21;4
137;2;BB;EN;3x;4;4
137;3;MT;KI;KI;3;4
137;4;UF;SP;SP;1;4
138;1;PW;DA;3w;21;4
138;1;OD;ol;3x;7;4
138;2;PW;EN;3t;20;4
138;2;BB;EN;3x;9;4
138;2;OD;ol;3y;7;4
138;3;PW;EN;3t;11;4
138;3;ID;Bi;3y;20;4
138;3;BE;DA;3x;12;4
138;4;BE;DA;3x;5;4
139;1;PL;DA;3y;6;4
139;2;MT;KI;KI;6;4
139;2;AD;FR;FR;18;4
139;3;OD;HI;3t;16;4
139;3;BB;EN;3x;10;4
139;4;UF;SP;SP;0;4
140;1;HD;MA;3w;21;4
140;2;TT;re;3w;13;4
140;2;TQ;SA;3x;16;4
140;3;MT;KI;KI;3;4
140;4;TQ;SA;3x;6;4
140;4;TT;re;3t;1;4
140;4;PL;DA;3y;15;4
141;1;AD;FR;FR;8;4
141;2;SR;id;id1;1;4
141;3;LM;DA;3t;5;4
141;3;BB;EN;3x;3;4
141;4;AD;FR;FR;11;4
142;1;LM;EN;3y;11;4
142;1;PW;EN;3t;6;4
142;1;BB;EN;3x;5;4
142;2;SR;id;id1;5;4
142;3;AD;FR;FR;1;4
142;3;MT;KI;KI;6;4
142;4;OD;HI;3t;13;4
143;1;OA;Fy;3w;3;4
143;1;PL;DA;3y;6;4
143;1;KD;HI;3x;1;4
143;1;LM;DA;3t;7;4
143;2;PW;EN;3t;19;4
143;3;LM;EN;3y;15;4
143;3;BE;DA;3x;20;4
143;3;OA;fy;3t;3;4
143;4;AD;FR;FR;18;4
144;1;LM;EN;3y;10;4
144;1;OA;Fy;3w;2;4
144;2;OA;Fy;3w;20;4
144;3;LM;EN;3y;2;4
144;3;TQ;SA;3x;21;4
144;4;OD;ol;3y;17;4
144;4;LM;DA;3t;16;4
144;4;MD;Fy;3x;1;4
144;4;TT;re;3w;9;4
145;1;OD;HI;3t;18;4
145;1;BB;EN;3x;1;4
145;2;SR;id;id1;12;4
145;3;SR;BT;3w;9;4
145;4;LM;EN;3y;5;4
145;4;PW;DA;3w;13;4
146;1;PW;DA;3w;18;4
146;1;OD;HI;3t;2;4
146;1;ID;Bi;3y;11;4
146;2;PW;DA;3w;5;4
146;3;TT;id;id3;21;4
146;4;UF;SP;SP;2;4
147;1;MT;KI;KI;15;4
147;2;TQ;SA;3x;19;4
147;2;OA;Fy;3w;9;4
147;2;PW;EN;3t;0;4
147;3;SR;id;id2;12;4
147;4;OD;ol;3y;9;4
147;4;TQ;SA;3x;18;4
148;1;OD;HI;3t;4;4
148;2;LM;DA;3t;4;4
148;3;SR;BT;3w;10;4
148;3;OA;fy;3t;19;4
148;4;RG;id;id4;9;4
148;4;UF;SP;SP;1;4
149;1;HD;MA;3w;8;4
149;1;BB;EN;3x;16;4
149;1;OD;HI;3y;6;4
149;2;RG;id;id4;16;4
149;3;TQ;SA;3x;3;4
149;3;OA;fy;3t;17;4
149;3;AP;HI;3w;12;4
149;4;PW;DA;3w;0;4
149;4;TQ;SA;3x;10;4
150;1;OD;ol;3y;20;4
150;1;PW;EN;3t;3;4
150;1;TT;re;3w;19;4
150;2;AP;HI;3w;17;4
150;2;LM;EN;3y;1;4
150;2;BB;EN;3x;21;4
150;3;LM;EN;3y;10;4
150;3;HD;MA;3w;15;4
150;4;UF;SP;SP;7;4
150;4;SR;id;id2;18;4
150;4;TT;id;id3;5;4
151;1;TQ;SA;3x;12;4
151;2;KD;HI;3x;9;4
151;2;OD;HI;3t;11;4
151;2;SR;BT;3w;10;4
151;3;TQ;SA;3x;4;4
151;4;TT;re;3t;21;4
151;4;HD;MA;3w;17;4
152;1;OA;fy;3t;20;4
152;1;SR;BT;3w;13;4
152;2;ID;Bi;3y;14;4
152;2;AP;HI;3w;8;4
152;2;OD;HI;3t;20;4
152;3;MT;KI;KI;21;4
152;4;BE;DA;3x;7;4
152;4;SR;BT;3w;21;4
153;1;RG;id;id4;6;4
153;1;UF;SP;SP;11;4
153;2;AD;FR;FR;3;4
153;3;AD;FR;FR;9;4
153;4;BE;DA;3x;14;4
153;4;SR;BT;3w;3;4
153;4;LM;EN;3y;20;4
154;1;BB;EN;3x;16;4
154;2;HD;MA;3w;17;4
154;2;MD;Fy;3x;11;4
154;3;AD;FR;FR;15;4
154;4;BB;EN;3x;17;4
154;4;PW;EN;3t;4;4
155;1;TT;re;3w;5;4
155;2;LM;DA;3t;17;4
155;2;BE;DA;3x;2;4
155;3;TT;id;id3;1;4
155;4;BB;EN;3x;0;4
156;1;OD;HI;3y;10;4
156;1;BE;DA;3x;13;4
156;2;UF;SP;SP;16;4
156;3;ID;Bi;3y;12;4
156;3;BE;DA;3x;20;4
156;3;OA;fy;3t;1;4
156;4;PL;DA;3y;5;4
156;4;HD;MA;3w;15;4
157;1;AD;FR;FR;12;4
157;1;UF;SP;SP;8;4
157;2;PL;DA;3y;10;4
157;2;OD;ol;3x;16;4
157;2;PW;DA;3w;2;4
157;3;OD;HI;3y;11;4
157;3;PW;DA;3w;1;4
157;4;TQ;SA;3x;4;4
157;4;TT;re;3w;19;4
157;4;OD;HI;3y;5;4
158;1;TQ;SA;3x;0;4
158;1;SR;BT;3w;10;4
158;1;OD;HI;3t;11;4
158;2;MT;KI;KI;11;4
158;2;AD;FR;FR;3;4
158;3;LM;DA;3t;17;4
158;4;TT;re;3t;4;4
159;1;BE;DA;3x;7;4
159;1;OD;HI;3y;2;4
159;2;UF;SP;SP;6;4
159;3;PL;DA;3y;4;4
159;3;KD;HI;3x;10;4
159;3;AP;HI;3w;12;4
159;3;LM;DA;3t;20;4
159;4;MT;KI;KI;15;4
160;1;TT;re;3t;11;4
160;1;HD;MA;3w;14;4
160;2;TT;id;id3;14;4
160;3;PL;DA;3y;15;4
160;3;BB;EN;3x;5;4
160;3;OD;HI;3t;3;4
160;4;PL;DA;3y;9;4
160;4;SR;BT;3w;2;4
161;1;UF;SP;SP;8;4
161;2;MD;Fy;3x;12;4
161;2;AP;HI;3w;19;4
161;2;OD;ol;3y;21;4
161;3;BE;DA;3x;9;4
161;3;ID;Bi;3y;1;4
161;3;TT;re;3w;18;4
161;4;LM;DA;3t;9;4
161;4;MD;Fy;3x;3;4
161;4;TT;re;3w;4;4
162;1;SR;BT;3w;17;4
162;2;BE;DA;3x;18;4
162;2;ID;Bi;3y;1;4
162;2;HD;MA;3w;3;4
162;3;MT;KI;KI;7;4
162;3;RG;id;id4;2;4
162;4;BB;EN;3x;13;4
163;1;HD;MA;3w;5;4
163;1;LM;EN;3y;6;4
163;2;AD;FR;FR;1;4
163;2;TT;id;id3;15;4
163;3;OD;ol;3x;3;4
163;4;MT;KI;KI;11;4
164;1;PW;EN;3t;21;4
164;1;LM;EN;3y;17;4
164;1;AP;HI;3w;6;4
164;1;KD;HI;3x;9;4
164;2;OD;HI;3y;8;4
164;2;HD;MA;3w;17;4
164;2;PW;EN;3t;21;4
164;3;LM;EN;3y;15;4
164;3;OD;ol;3x;18;4
164;3;OA;Fy;3w;5;4
164;4;KD;HI;3x;6;4
164;4;AP;HI;3w;14;4
164;4;TT;re;3t;4;4
164;4;OD;HI;3y;12;4
165;1;SR;BT;3w;1;4
165;1;KD;HI;3x;2;4
165;1;PW;EN;3t;5;4
165;2;MT;KI;KI;15;4
165;2;UF;SP;SP;4;4
165;3;AP;HI;3w;19;4
165;4;PW;EN;3t;8;4
165;4;LM;EN;3y;20;4
165;4;SR;BT;3w;18;4
166;1;PW;DA;3w;3;4
166;2;OD;ol;3y;4;4
166;2;BB;EN;3x;0;4
166;2;TT;re;3w;20;4
166;2;OA;fy;3t;21;4
166;3;MT;KI;KI;1;4
166;4;SR;id;id2;10;4
167;1;PL;DA;3y;8;4
167;1;OD;HI;3t;19;4
167;1;BB;EN;3x;11;4
167;1;SR;BT;3w;5;4
167;2;AP;HI;3w;8;4
167;2;BB;EN;3x;20;4
167;3;KD;HI;3x;7;4
167;4;OA;fy;3t;11;4
167;4;KD;HI;3x;10;4
168;1;TQ;SA;3x;12;4
168;1;LM;DA;3t;7;4
168;2;AD;FR;FR;13;4
168;3;AP;HI;3w;0;4
168;3;TQ;SA;3x;21;4
168;4;SR;id;id2;11;4
169;1;HD;MA;3w;9;4
169;2;SR;id;id2;0;4
169;2;TT;id;id3;15;4
169;3;UF;SP;SP;6;4
169;4;LM;EN;3y;0;4
169;4;SR;BT;3w;2;4
170;1;TT;re;3t;13;4
170;1;OD;ol;3x;9;4
170;2;TT;re;3t;9;4
170;2;KD;HI;3x;14;4
170;3;OD;ol;3y;5;4
170;3;SR;BT;3w;4;4
170;3;PW;EN;3t;9;4
170;3;MD;Fy;3x;1;4
170;4;SR;id;id2;15;4
171;1;TQ;SA;3x;15;4
171;1;SR;BT;3w;11;4
171;2;BE;DA;3x;15;4
171;3;MT;KI;KI;14;4
171;4;MT;KI;KI;1;4
171;4;UF;SP;SP;9;4
172;1;AD;FR;FR;14;4
172;2;PL;DA;3y;20;4
172;3;TT;id;id3;0;4
172;3;SR;id;id1;14;4
172;4;LM;DA;3t;18;4
172;4;BB;EN;3x;12;4
173;1;BE;DA;3x;0;4
173;2;PW;EN;3t;7;4
173;2;LM;EN;3y;8;4
173;2;BE;DA;3x;9;4
173;3;AD;FR;FR;7;4
173;3;UF;SP;SP;18;4
173;4;AP;HI;3w;4;4
173;4;KD;HI;3x;5;4
173;4;LM;EN;3y;21;4
174;1;LM;EN;3y;14;4
174;1;TT;re;3w;13;4
174;2;BB;EN;3x;8;4
174;2;PW;EN;3t;16;4
174;2;OD;ol;3y;17;4
174;3;UF;SP;SP;9;4
174;3;SR;id;id2;12;4
174;4;TT;re;3w;9;4
175;1;AD;FR;FR;8;4
175;2;OA;fy;3t;7;4
175;2;LM;EN;3y;0;4
175;2;KD;HI;3x;16;4
175;3;MT;KI;KI;8;4
175;3;SR;id;id1;6;4
175;4;SR;id;id2;21;4
176;1;TQ;SA;3x;1;4
176;1;OD;ol;3y;20;4
176;1;AP;HI;3w;21;4
176;2;TT;re;3w;11;4
176;2;PW;EN;3t;14;4
176;2;BE;DA;3x;0;4
176;3;MT;KI;KI;18;4
176;4;PL;DA;3y;4;4
176;4;OA;Fy;3w;21;4
177;1;PW;DA;3w;14;4
177;1;LM;EN;3y;18;4
177;2;TT;re;3t;2;4
177;2;ID;Bi;3y;4;4
177;2;MD;Fy;3x;12;4
177;3;PW;DA;3w;17;4
177;3;BE;DA;3x;0;4
177;4;BB;EN;3x;5;4
177;4;SR;BT;3w;12;4
177;4;LM;EN;3y;7;4
178;1;PW;EN;3t;12;4
178;1;OD;ol;3x;16;4
178;2;HD;MA;3w;13;4
178;3;BE;DA;3x;21;4
178;3;OD;HI;3y;8;4
178;3;HD;MA;3w;2;4
178;3;OA;fy;3t;9;4
178;4;MT;KI;KI;5;4
179;1;HD;MA;3w;19;4
179;1;MD;Fy;3x;4;4
179;2;TQ;SA;3x;7;4
179;2;LM;EN;3y;1;4
179;3;MT;KI;KI;15;4
179;3;AD;FR;FR;11;4
179;4;TQ;SA;3x;21;4
179;4;OD;HI;3y;18;4
179;4;TT;re;3t;2;4
180;1;MT;KI;KI;11;4
180;1;SR;id;id1;18;4
180;2;AD;FR;FR;0;4
180;2;UF;SP;SP;18;4
180;3;OA;Fy;3w;12;4
180;3;OD;HI;3y;13;4
180;4;ID;Bi;3y;2;4
180;4;HD;MA;3w;13;4
181;1;PW;DA;3w;4;4
181;1;TT;re;3t;19;4
181;2;AD;FR;FR;8;4
181;2;MT;KI;KI;12;4
181;3;OD;ol;3x;8;4
181;3;TT;re;3w;2;4
181;3;LM;DA;3t;13;4
181;4;ID;Bi;3y;18;4
182;1;PL;DA;3y;0;4
182;2;TT;re;3w;14;4
182;2;PL;DA;3y;19;4
182;3;UF;SP;SP;17;4
182;3;MT;KI;KI;11;4
182;4;OA;Fy;3w;20;4
182;4;LM;DA;3t;6;4
182;4;MD;Fy;3x;18;4
183;1;RG;id;id4;5;4
183;1;UF;SP;SP;3;4
183;2;SR;BT;3w;20;4
183;3;HD;MA;3w;9;4
183;3;OD;HI;3t;11;4
183;3;BB;EN;3x;20;4
183;3;LM;EN;3y;15;4
183;4;SR;id;id2;0;4
184;1;OD;ol;3y;3;4
184;1;MD;Fy;3x;4;4
184;1;LM;DA;3t;14;4
184;2;LM;DA;3t;17;4
184;3;UF;SP;SP;16;4
184;4;LM;EN;3y;0;4
185;1;LM;EN;3y;19;4
185;1;MD;Fy;3x;10;4
185;2;OD;ol;3y;9;4
185;2;MD;Fy;3x;1;4
185;3;MT;KI;KI;17;4
185;3;RG;id;id4;13;4
185;4;OD;ol;3y;15;4
185;4;TQ;SA;3x;7;4
185;4;TT;re;3t;13;4
186;1;BB;EN;3x;16;4
186;1;OD;ol;3y;1;4
186;1;TT;re;3t;17;4
186;1;HD;MA;3w;11;4
186;2;LM;EN;3y;2;4
186;2;PW;DA;3w;10;4
186;3;LM;EN;3y;15;4
186;3;PW;EN;3t;8;4
186;3;TQ;SA;3x;13;4
186;4;MD;Fy;3x;21;4
186;4;LM;DA;3t;4;4
187;1;AP;HI;3w;0;4
187;1;PL;DA;3y;16;4
187;1;TQ;SA;3x;6;4
187;2;HD;MA;3w;18;4
187;2;OD;ol;3y;8;4
187;2;LM;DA;3t;1;4
187;2;BB;EN;3x;16;4
187;3;SR;id;id2;21;4
187;4;OD;HI;3t;0;4
188;1;LM;EN;3y;12;4
188;1;MD;Fy;3x;20;4
188;1;HD;MA;3w;18;4
188;2;SR;BT;3w;19;4
188;2;KD;HI;3x;0;4
188;3;TQ;SA;3x;13;4
188;4;PW;EN;3t;12;4
188;4;TQ;SA;3x;19;4
189;1;UF;SP;SP;9;4
189;1;AD;FR;FR;6;4
189;2;UF;SP;SP;9;4
189;3;MT;KI;KI;7;4
189;4;TT;re;3t;10;4
190;1;MT;KI;KI;10;4
190;1;AD;FR;FR;1;4
190;2;OA;fy;3t;10;4
190;2;PW;DA;3w;21;4
190;3;AD;FR;FR;14;4
190;4;OD;HI;3t;1;4
190;4;OA;Fy;3w;13;4
190;4;BB;EN;3x;3;4
191;1;OD;ol;3x;14;4
191;1;SR;BT;3w;9;4
191;1;PL;DA;3y;19;4
191;2;PW;EN;3t;7;4
191;2;PL;DA;3y;5;4
191;2;KD;HI;3x;10;4
191;2;SR;BT;3w;9;4
191;3;BB;EN;3x;1;4
191;4;OD;HI;3y;19;4
192;1;TQ;SA;3x;7;4
192;1;SR;BT;3w;0;4
192;1;PW;EN;3t;14;4
192;2;HD;MA;3w;17;4
192;2;LM;DA;3t;18;4
192;2;ID;Bi;3y;6;4
192;3;TQ;SA;3x;3;4
192;3;LM;DA;3t;1;4
192;4;BB;EN;3x;2;4
192;4;HD;MA;3w;13;4
192;4;LM;DA;3t;16;4
193;1;LM;EN;3y;9;4
193;2;MT;KI;KI;10;4
193;3;LM;EN;3y;15;4
193;3;OD;HI;3t;14;4
193;3;HD;MA;3w;13;4
193;4;SR;BT;3w;1;4
193;4;OD;HI;3t;13;4
194;1;PW;EN;3t;17;4
194;1;BB;EN;3x;10;4
194;1;SR;BT;3w;3;4
194;2;KD;HI;3x;2;4
194;2;OA;Fy;3w;11;4
194;2;PW;EN;3t;7;4
194;3;AP;HI;3w;15;4
194;3;PW;EN;3t;3;4
194;4;LM;EN;3y;13;4
194;4;PW;EN;3t;3;4
194;4;SR;BT;3w;17;4
194;4;BE;DA;3x;19;4
195;1;AD;FR;FR;21;4
195;2;MD;Fy;3x;8;4
195;3;HD;MA;3w;14;4
195;4;LM;DA;3t;10;4
